Location,CategoryAScores_Score_A,CategoryAScores_ScaledScore_A,CategoryBScores_Cat_B,CategoryBScores_NumPMI_SKU,CategoryBScores_NumComp_SKU,CategoryBScores_PMI_Volume,CategoryBScores_Comp_Volume,CategoryCScores_Cat_C,CategoryDScores_Cat_D,FinalScores_Avg_Score,score_range
Danang,-38.4615,5.3845628205,10.0,13.0,6.0,26366.4,94324.8,0.7036280857,1.25,4.334547727,0.0
Glasgow Prestwick,-150.0,1.66665,,2.0,7.0,66.8,3866.0,1.07175786,3.0,1.434601965,0.0
East Midlands,-200.0,0.0,10.0,6.0,11.0,1492.0,19524.8,1.034490353,4.0,3.758622588,0.0
Sharm El Sheikh,-25.8065,5.8063919355,,31.0,,89999.736,0.0,0.8294087293,1.75,2.096450166,0.0
Lublin,-58.3333,4.7221761111,,12.0,,45886.68,0.0,0.2895384295,4.0,2.252928635,0.0
Hyderabad,-54.1667,4.8610613889,,24.0,,19542.0,0.0,0.754349557,3.0,2.153852736,0.0
Bariloche,0.0,6.6666,,3.0,,58.0,0.0,0.3533976658,1.0,2.004999416,0.0
London City,-250.0,-1.66665,,4.0,10.0,854.6,1122.4,1.757892944,5.0,1.272810736,0.0
Hanoi,-53.8462,4.8717446154,10.0,13.0,7.0,158290.4,574646.44,0.5826547729,1.25,4.176099847,0.0
Taiyuan Wusu,-140.0,1.99998,10.0,5.0,20.0,743.4,4387.737,0.5227483975,4.666667,4.297348849,0.0
Kinshasa,-20.0,5.99994,,5.0,,6360.0,0.0,0.06951241337,0.0,1.517363103,0.0
Bologna,-100.0,3.3333,10.0,10.0,2.0,6592.0,1874.4,0.5230382679,5.5,4.839084567,0.0
Xuzhou Guanyin,-250.0,-1.66665,2.787830422,8.0,20.0,57.6,366.92,0.03894118441,5.0,1.540030402,0.0
Kuwait,-129.5455,2.3484598485,6.982444071,44.0,22.0,6817255.2,2229656.436,0.6916591686,0.0,2.505640772,0.0
London Luton,-260.0,-1.99998,,5.0,11.0,4565.8,21079.8,0.2610016897,4.0,0.5652554224,0.0
Managua,-33.3333,5.5555011111,3.424657433,18.0,4.0,15455.0,1885.0,0.1579204092,0.0,2.284519738,0.0
Samana El Catey,-154.5455,1.5151348485,10.0,11.0,10.0,739.2,534.4,0.4964626818,2.5,3.627899383,0.0
Naha,-36.0,5.466612,,25.0,,9121.6,0.0,2.266347811,5.25,3.245739953,0.0
Manas,-258.3333,-1.9444238889,10.0,12.0,22.0,5432.4,9062.8,0.02822289202,0.0,2.020949751,0.0
Ulaanbaatar,-150.0,1.66665,,4.0,12.0,650.6,4420.2,0.0888879898,0.0,0.4388844975,0.0
Bergen,-140.0,1.99998,10.0,15.0,11.0,20442.4,25922.4,1.532450171,1.5,3.758107543,0.0
Samara,-60.0,4.66662,,5.0,,13.2,0.0,0.2272419343,6.0,2.723465484,0.0
Fort-de-France,-191.6667,0.2777738889,10.0,12.0,8.0,19749.0,15729.6,1.963475807,0.0,3.060312424,0.0
Addis Ababa,-221.0526,-0.7017463158,9.993219219,19.0,25.0,506287.0,66516.0,2.65541043,0.0,2.986720833,0.0
Komatsu,-80.0,3.99996,,5.0,,194.0,0.0,0.6085472169,6.5,2.777126804,0.0
Skiathos,-171.4286,0.9523704762,10.0,7.0,6.0,874.4,2735.2,0.1971237264,8.5,4.912373551,0.0
Fukuoka,-203.7037,-0.1234554321,7.009610677,27.0,59.0,74057.6,264804.24,1.057981884,5.5,3.361034282,0.0
Chambery,-233.3333,-1.1110988889,0.0,3.0,5.0,1792.0,2066.0,0.1470416862,5.666667,1.175652449,0.0
Vienna,-250.0,-1.66665,10.0,6.0,7.0,76276.8,51110.8,0.7438231123,1.0,2.519293278,0.0
Iwate,-100.0,3.3333,,1.0,,1.0,0.0,1.504518752,9.0,3.459454688,0.0
Abidjan,-244.4444,-1.4814651852,10.0,9.0,15.0,34294.4,26940.8,0.8973644823,0.0,2.353974824,0.0
Rosario,-71.4286,4.2856704762,,7.0,,179.2,0.0,0.3607408295,1.5,1.536602826,0.0
Manila - Ninoy Aquino,-33.3333,5.5555011111,,3.0,,30470.4,0.0,0.975410108,0.5,1.757727805,0.0
Vigo,-114.2857,2.8571147619,,7.0,5.0,1452.0,638.4,1.276988473,4.5,2.158525809,0.0
Elblag,-111.1111,2.9629337037,10.0,9.0,6.0,1271.2,3740.0,0.00187086801,3.5,4.116201143,0.0
Male,-46.6667,5.1110588889,,30.0,,32758.647,0.0,1.414723419,0.0,1.631445577,0.0
Karpathos,-125.0,2.499975,10.0,4.0,3.0,35.6,14.4,0.2241663825,8.5,5.306035346,0.0
Tirana,-128.5714,2.3809295238,10.0,7.0,32.0,114063.2,146424.4,0.1402701332,0.0,3.130299914,0.0
Antalya Gazipasa Airport,-119.6429,2.6785432143,9.277938196,56.0,17.0,22583.2,16167.2,1.439675576,9.5,5.724039247,0.0
Gran Canaria,-250.0,-1.66665,10.0,8.0,16.0,214910.8,330176.4,1.107682936,1.0,2.610258234,0.0
Medellin Jose Maria Cordova,-55.1724,4.8275383908,,29.0,,11135.03,0.0,0.142664783,1.6,1.642550793,0.0
Dublin,-225.0,-0.833325,10.0,4.0,5.0,133180.4,650858.0,1.253246349,1.5,2.979980337,0.0
Asyut,6.6667,6.8888211111,,30.0,,4551.1,0.0,1.735771085,1.75,2.593648049,0.0
Munich,-233.3333,-1.1110988889,10.0,12.0,9.0,145078.8,138424.4,1.068368833,5.5,3.864317486,0.0
Hiroshima,-53.8462,4.8717446154,,13.0,,1129.6,0.0,1.299474856,5.5,2.917804868,0.0
Nis,-216.6667,-0.5555511111,10.0,6.0,6.0,2306.4,5650.8,0.4979557953,1.0,2.735601171,0.0
Oita,-33.3333,5.5555011111,10.0,3.0,1.0,35.2,16.4,0.8375748374,7.5,5.973268987,0.0
Istanbul Airport,-22.0779,5.9306773593,,77.0,,15305993.6,0.0,0.4784132085,9.75,4.039772642,0.0
Macau,-271.4286,-2.3809295238,,7.0,10.0,83004.0,338572.7,0.6771237964,0.0,-0.4259514319,0.0
Santander,-150.0,1.66665,,4.0,4.0,13046.4,9783.6,1.342271939,4.0,1.752230485,0.0
Ixtapa Zihuatanejo,-135.7143,2.1428352381,9.959305574,14.0,12.0,341.6,212.8,1.588907381,2.75,4.110262048,0.0
Hamburg,-241.6667,-1.3888761111,10.0,12.0,8.0,15648.4,12378.4,0.887846306,5.5,3.749742549,0.0
Ho Chi Minh,-90.9091,3.6363269697,10.0,11.0,7.0,55760.52,90490.648,0.6233491385,1.0,3.814919027,0.0
Bogota,-137.931,2.068945977,9.865444103,29.0,20.0,262867.44,133575.0,0.2134989269,1.0,3.286972252,0.0
Taichung,-153.3333,1.5555411111,10.0,15.0,8.0,7693.02,84340.105,1.465973917,1.0,3.505378757,0.0
Johannesburg,-144.4444,1.8518348148,10.0,9.0,8.0,51176.8,60193.6,2.228560047,1.0,3.770098715,0.0
Basel,-250.0,-1.66665,10.0,12.0,21.0,170454.0,187708.2,0.3654691801,1.333333,2.508038045,0.0
Hurgada,-22.5806,5.9139208602,,31.0,,323466.44,0.0,1.173536848,1.75,2.209364427,0.0
Yantai Penglai,-188.8889,0.3703662963,8.750361585,9.0,20.0,1660.8,9774.1,0.6511585868,5.0,3.692971617,0.0
Niamey,-85.7143,3.8094852381,,7.0,,282.0,0.0,3.424224714,0.0,1.808427488,0.0
Varna,-225.0,-0.833325,10.0,4.0,9.0,1192.4,4176.812,0.3041775657,1.5,2.742713141,0.0
Medina,-246.6667,-1.5555411111,10.0,15.0,16.0,37480.8,37559.4,0.4718848719,2.333333,2.81241919,0.0
Minsk,-100.0,3.3333,,2.0,,131.8,0.0,0.6267039784,0.0,0.9900009946,0.0
Shenyang Taoxian,-242.8571,-1.4285557143,2.262903426,14.0,20.0,7621.6,48136.572,0.7488870891,5.0,1.6458087,0.0
Krasnoyarsk,-154.5455,1.5151348485,10.0,11.0,13.0,1610.4,741.6,0.006658729922,3.333333,3.713781645,0.0
St. George's Point Saline,-126.6667,2.4444188889,9.913621501,15.0,11.0,1962.0,2112.0,1.379249372,0.0,3.434322441,0.0
Cukurova Airport,-90.9091,3.6363269697,0.5803104813,66.0,26.0,7808.0,3555.2,0.4159634835,9.5,3.533150234,0.0
Paderborn,-242.8571,-1.4285557143,10.0,7.0,4.0,501.8,494.8,1.027319984,5.0,3.649691067,0.0
Montpellier,-9.0909,6.3635730303,,11.0,,8793.0,0.0,1.991550362,3.666667,3.005447598,0.0
Monastir,-219.2308,-0.6410202564,8.189992281,26.0,27.0,187426.0,143599.645,0.8121312867,2.2,2.640275828,0.0
Alicante,-188.8889,0.3703662963,10.0,9.0,19.0,697370.4,1514478.0,1.548582844,4.5,4.104737285,0.0
Xiamen Gaoqi,-253.8462,-1.7948553846,8.750361479,13.0,20.0,12631.76,79960.668,0.8525528574,5.0,3.202014738,0.0
Moscow - Vnukovo,-136.3636,2.1211921212,10.0,11.0,12.0,23570.4,30718.8,0.1127165655,3.333333,3.891810422,0.0
Nanjing Lukou,-87.5,3.7499625,,8.0,,3248.4,0.0,1.146524089,5.666667,2.640788397,0.0
Frankfurt,-230.7692,-1.0256297436,10.0,13.0,12.0,443701.6,425263.2,1.091206578,5.5,3.891394209,0.0
Nairobi,-128.5714,2.3809295238,,7.0,,506.4,0.0,1.164334088,1.0,1.136315903,0.0
Konya Airport,-72.973,4.234190991,9.95494052,37.0,21.0,3981.0,1276.0,0.7540959865,7.8,5.685806874,0.0
Istanbul Asia Airport,-131.1111,2.2962737037,0.2538436032,90.0,31.0,3139420.8,1484254.4,0.465385837,9.75,3.191375786,0.0
Bari,-100.0,3.3333,10.0,10.0,2.0,1586.0,359.2,0.5248511261,5.5,4.839537782,0.0
Berlin Brandenburg,-200.0,0.0,10.0,13.0,8.0,32332.0,26448.8,0.9748644432,5.5,4.118716111,0.0
Santorini,-141.6667,1.9444238889,10.0,12.0,10.0,2879.2,4849.6,0.4936934051,8.5,5.234529323,0.0
Strasbourg,-100.0,3.3333,3.388131721e-28,6.0,4.0,883.0,440.0,1.33174758,5.333333,2.499595145,0.0
Kunming Wujiaba,-231.25,-1.04165625,4.529947201,16.0,20.0,6173.6,39032.688,1.457378636,5.0,2.486417397,0.0
Jinan Xiaoqiang,-241.6667,-1.3888761111,2.262903426,12.0,20.0,1366.32,8600.948,0.5518407191,5.0,1.606467008,0.0
Haiphong,-25.0,5.833275,,4.0,,268.6,0.0,0.04461411336,1.0,1.719472278,0.0
Shizuoka,-16.6667,6.1110488889,,6.0,,425.4,0.0,0.6459389842,6.0,3.189246968,0.0
Puerto Vallarta,-214.2857,-0.4761852381,9.126706401,21.0,16.0,96594.0,55736.0,1.169519741,2.8,3.155010226,0.0
Florianopolis,-129.4118,2.3529164706,10.0,17.0,14.0,3756.0,4277.0,0.8043012565,2.6,3.939304432,0.0
La Romana,-88.8889,3.7036662963,9.911533419,18.0,9.0,4740.0,3237.0,0.4366087021,2.8,4.212952104,0.0
DAMMAM,-246.6667,-1.5555411111,10.0,15.0,16.0,104881.2,219841.2,1.084739211,2.333333,2.965632775,0.0
Bremen,-275.0,-2.499975,10.0,4.0,5.0,424.4,1036.8,1.68904769,5.0,3.547268173,0.0
Denizli Cardak Airport,-75.0,4.166625,0.1574348647,30.0,8.0,329.6,160.0,0.169333494,9.0,3.37334834,0.0
Madrid Barajas,-188.8889,0.3703662963,10.0,9.0,19.0,5095821.6,4204540.8,1.366341702,4.5,4.059176999,0.0
Rabat,-203.7037,-0.1234554321,7.843164893,27.0,25.0,268152.0,161036.055,3.207918598,2.8,3.431907015,0.0
Cayenne,-169.2308,1.0256297436,10.0,13.0,7.0,13400.4,6045.0,1.979790974,0.0,3.251355179,0.0
Tozeur,-190.0,0.33333,10.0,10.0,5.0,960.4,1036.0,0.2844084679,3.0,3.404434617,0.0
Pointe-a-Pitre,-241.6667,-1.3888761111,10.0,12.0,8.0,28088.4,44955.0,2.136405462,0.0,2.686882338,0.0
Grenoble,-250.0,-1.66665,7.208104484,6.0,7.0,2572.8,3643.2,0.2440082261,4.2,2.496365677,0.0
Aktio,-216.6667,-0.5555511111,10.0,6.0,9.0,957.6,1927.6,0.1849286153,8.5,4.532344376,0.0
Gaziantep Airport,-136.9048,2.1031523016,4.144439869,84.0,31.0,24210.0,7596.0,0.4599756867,8.0,3.676891964,0.0
Sydney,-88.8889,3.7036662963,,9.0,,1215.948,0.0,1.148734726,2.333333,1.796433505,0.0
Melbourne,-50.0,4.99995,,10.0,,4740.72,0.0,1.228139226,2.5,2.182022306,0.0
Tenerife,-262.5,-2.0833125,10.0,8.0,16.0,509300.0,1144944.0,0.0004411610742,1.0,2.229282165,0.0
Rome Fiumicino,-150.0,1.66665,10.0,16.0,9.0,264791.6,220007.6,0.9165775278,5.5,4.520806882,0.0
Dresden,-180.0,0.66666,10.0,5.0,4.0,674.0,330.0,0.6644510097,5.0,4.082777752,0.0
Lusaka,-20.0,5.99994,,7.0,,1653.6,0.0,0.05066281046,0.0,1.512650703,0.0
Dalian Zhoushuizi,-183.3333,0.5555511111,10.0,6.0,20.0,1363.23,17411.22,0.523553733,4.666667,3.936442961,0.0
Marka,-150.0,1.66665,10.0,4.0,4.0,14.4,21.6,0.2644392043,2.0,3.482772301,0.0
Cairo,-85.7143,3.8094852381,10.0,35.0,12.0,2666213.524,193980.8,1.607954377,1.5,4.229359904,0.0
Stockholm Arlanda,-250.0,-1.66665,,6.0,8.0,33352.0,19984.2,0.9733841399,3.0,0.576683535,0.0
Bristol,-266.6667,-2.2222011111,10.0,6.0,13.0,3388.4,27594.0,1.210514371,4.0,3.247078315,0.0
Colombo,-119.3548,2.6881464516,10.0,31.0,13.0,65119.089,48059.4,0.3735330654,0.0,3.265419879,0.0
Queenstown,-100.0,3.3333,,1.0,,10.0,0.0,1.17655835,1.0,1.377464588,0.0
Radom,0.0,6.6666,,5.0,,121.2,0.0,0.1877362242,3.0,2.463584056,0.0
Mazatlan,-117.6471,2.7450692157,8.801044769,17.0,11.0,949.0,443.0,1.266465773,2.8,3.903144939,0.0
Izmir Airport,-209.2105,-0.3070135965,0.7229302539,76.0,37.0,535376.8,425176.0,0.697886658,9.75,2.715950829,0.0
Wuhan Tianhe,-240.0,-1.33332,2.262903426,15.0,20.0,5410.0,34364.168,0.89691578,5.0,1.706624801,0.0
Madeira,-233.3333,-1.1110988889,10.0,6.0,9.0,11154.0,7874.0,1.169848107,1.0,2.764687304,0.0
Newcastle,-266.6667,-2.2222011111,10.0,6.0,11.0,3115.6,67498.4,1.242690039,4.0,3.255122232,0.0
Diyarbakir Airport,-155.3846,1.4871651282,2.635383375,63.0,32.0,12484.0,3746.0,0.5579624734,7.6,3.070127744,0.0
Orebro,-300.0,-3.3333,,1.0,,20.0,0.0,0.2582257974,3.0,-0.01876855064,0.0
Changsha Huanghua,-233.3333,-1.1110988889,2.262903426,15.0,20.0,4805.36,30363.708,1.033472468,5.0,1.796319251,0.0
Christchurch,-50.0,4.99995,,6.0,,654.0,0.0,1.374623785,1.333333,1.926976696,0.0
Fes,-211.1111,-0.3703662963,8.828480432,27.0,24.0,291857.0,179219.16,2.868788225,2.6,3.48172559,0.0
Nador,-134.6154,2.1794648718,9.813879039,26.0,13.0,70640.0,8821.0,2.912244563,2.8,4.426397118,0.0
Cologne,-275.0,-2.499975,10.0,8.0,8.0,5342.768,9035.6,0.8946711267,5.0,3.348674032,0.0
Muscat,-20.5882,5.9803335294,,34.0,,224143.0,0.0,0.8432645638,1.0,1.955899523,0.0
Aqaba,-107.1429,3.0952057143,9.029204877,28.0,16.0,1835.2,1951.2,0.288267209,1.5,3.47816945,0.0
Windhoek,-66.6667,4.4443988889,,8.0,,3074.4,0.0,0.2574304008,0.0,1.175457322,0.0
Shanghai Hongqiao,-243.75,-1.45831875,4.529947201,16.0,20.0,30806.788,209727.156,0.8467271933,5.0,2.229588911,0.0
Nice,-250.0,-1.66665,9.561160882,14.0,12.0,390160.0,353436.0,1.088374707,4.0,3.245721397,0.0
Kaohsiung,-160.0,1.33332,10.0,15.0,8.0,70477.6,853269.13,1.582414973,1.0,3.478933743,0.0
Yinchuan Hedong,-241.6667,-1.3888761111,,12.0,20.0,439.2,2784.228,0.6017644879,5.0,1.053222094,0.0
Brussels,-233.3333,-1.1110988889,,3.0,6.0,47514.0,31786.2,1.891281189,1.0,0.4450455749,0.0
Sharjah,-190.9091,0.3030269697,6.052241209,33.0,18.0,1575032.0,1466603.2,1.13082758,2.0,2.37152394,0.0
Zanzibar,-70.0,4.33329,,10.0,,24688.0,0.0,1.072681919,1.0,1.60149298,0.0
Dortmund,-75.0,4.166625,10.0,12.0,8.0,766.8,279.6,0.5009364409,5.5,5.04189036,0.0
Zagreb,0.0,6.6666,,2.0,3.0,3716.8,322.8,0.2637565497,1.0,1.982589137,0.0
Essaouira,-216.6667,-0.5555511111,9.541556442,18.0,16.0,26328.0,9890.536,0.2647015076,2.75,3.00017671,0.0
London Heathrow,-250.0,-1.66665,10.0,6.0,13.0,409348.8,841385.6,0.9933669697,4.0,3.331679242,0.0
Wuxi Shuofang,-211.1111,-0.3703662963,10.0,9.0,20.0,996.6,6087.42,0.4577404597,5.333333,3.855176791,0.0
Kingston,-53.3333,4.8888411111,,15.0,,3599.97,0.0,1.59492241,1.0,1.87094088,0.0
Djibouti,,,,4.0,,379.866,0.0,3.694612242,0.0,0.9236530605,0.0
Florence,-130.7692,2.3076702564,10.0,13.0,8.0,1627.2,1204.4,1.091507866,5.5,4.724794531,0.0
Verona,-76.9231,4.1025223077,10.0,13.0,7.0,3326.0,2654.4,0.7226447173,5.5,5.081291756,0.0
Kagoshima,-50.0,4.99995,,4.0,,175.2,10.8,1.18342156,6.333333,3.12917614,0.0
Bamako,0.0,6.6666,,3.0,,21424.8,0.0,2.636473279,0.0,2.32576832,0.0
Amsterdam - Schiphol,-271.4286,-2.3809295238,10.0,7.0,5.0,304080.8,214264.4,0.3773708503,1.0,2.249110332,0.0
Antigua,-44.4444,5.1851348148,,9.0,,1188.009,0.0,1.276103458,2.333333,2.198642818,0.0
Tel-Aviv,-45.0,5.166615,10.0,20.0,1.0,7028210.0,2794255.71,1.234556197,0.0,4.100292799,0.0
Belo Horizonte,-130.0,2.33331,9.995466983,20.0,16.0,2219.0,1632.0,1.066083247,2.6,3.998715058,0.0
Curacao,-30.7692,5.6409702564,,24.0,,91972.1,0.0,1.030633338,0.0,1.667900899,0.0
Basrah,-15.0,6.166605,,20.0,,31980.0,0.0,0.3210985192,2.666667,2.28859263,0.0
Astrakhan,-110.0,2.99997,10.0,10.0,8.0,846.4,132.8,1.141586525e-09,2.75,3.9374925,0.0
Cochin,-50.0,4.99995,,14.0,,6231.006,0.0,0.4661115136,2.666667,2.033182128,0.0
Batumi,-84.6154,3.8461148718,10.0,13.0,8.0,13951.2,6527.6,0.1160913325,1.5,3.865551551,0.0
Paramaribo,-52.9412,4.9019109804,,17.0,,20854.97,0.0,1.898725756,0.0,1.700159184,0.0
Aberdeen,-283.3333,-2.7777488889,10.0,6.0,10.0,925.2,4769.2,1.699953892,4.0,3.230551251,0.0
Duesseldorf,-241.6667,-1.3888761111,10.0,12.0,9.0,44476.8,36060.4,0.9614019588,5.5,3.768131462,0.0
Accra,-211.1111,-0.3703662963,9.663692521,9.0,14.0,12200.0,17908.0,2.662294783,0.0,2.988905252,0.0
Shannon,0.0,6.6666,,5.0,,2931.998,0.0,0.03367161059,1.0,1.925067903,0.0
Salalah,-40.625,5.312446875,,32.0,,83660.4,0.0,0.5032859978,0.833333,1.662266468,0.0
Mitilini,-240.0,-1.33332,10.0,5.0,6.0,215.6,421.6,0.8052192597,8.5,4.492974815,0.0
Reus,-216.6667,-0.5555511111,10.0,6.0,11.0,28476.0,69278.4,1.717180383,4.5,3.915407318,0.0
Liberia,-75.0,4.166625,,4.0,,1460.8,0.0,1.109761844,1.0,1.569096711,0.0
Fuerteventura,-250.0,-1.66665,10.0,8.0,16.0,62678.4,145394.0,1.157851709,1.0,2.622800427,0.0
Sendai,-46.1538,5.1281553846,,13.0,,1169.6,0.0,2.09503181,5.5,3.180796799,0.0
Sierra Leone,-25.0,5.833275,,8.0,,12284.0,0.0,3.50344494,0.0,2.334179985,0.0
Baghdad,-13.6364,6.2120578788,,22.0,,120960.0,0.0,0.3968638456,2.333333,2.235563681,0.0
Nouakchott,-288.8889,-2.9629337037,,9.0,11.0,1054.4,353.0,3.279350787,0.0,0.07910427072,0.0
Lisbon,-233.3333,-1.1110988889,10.0,6.0,9.0,163276.8,85460.4,1.161777597,1.0,2.762669677,0.0
Soekarno Hatta,-218.1818,-0.6060539394,10.0,11.0,5.0,55290.0,38.4,0.3146901358,1.0,2.677159049,0.0
Ostrava,-66.6667,4.4443988889,10.0,6.0,4.0,388.8,324.8,0.06930058933,2.0,4.12842487,0.0
Oranjestad,-234.7826,-1.1594084058,9.99365033,23.0,18.0,178564.0,96788.0,0.6674931594,0.0,2.375433771,0.0
Chongqing Jiangbei,-226.6667,-0.8888811111,2.262903426,15.0,20.0,4675.2,83427.12,0.7944693206,5.0,1.792122909,0.0
PRISTINA,-150.0,1.66665,,2.0,21.0,22460.4,30463.2,0.2869327976,0.0,0.4883956994,0.0
Yangon,-214.2857,-0.4761852381,10.0,7.0,4.0,927.36,1241.684,3.156700756,1.0,3.420128879,0.0
Graz,-250.0,-1.66665,10.0,6.0,7.0,412.0,256.8,0.9271440526,1.0,2.565123513,0.0
Almaty,-163.6364,1.2121078788,,11.0,1.0,9942.66,407.9,0.009602303078,1.0,0.5554275455,0.0
Riga,-116.6667,2.7777488889,,6.0,5.0,172961.2,106735.2,0.4534412345,0.0,0.8077975308,0.0
Adana Airport,-89.2857,3.6904397619,9.688975851,28.0,17.0,3723.6,1611.6,0.2731946343,8.666667,5.579819312,0.0
Asuncion Silvio Petterossi,-55.5556,4.8147651852,,9.0,,2783.976,0.0,1.100408421,0.0,1.478793402,0.0
Humberside,-240.0,-1.33332,10.0,5.0,10.0,103.2,697.6,0.2400820033,3.5,3.101690501,0.0
Yanji Zhaoyangchuan,-160.0,1.33332,10.0,5.0,20.0,337.2,2140.24,0.2801296955,5.5,4.278362424,0.0
Kutahya Airport,-44.4444,5.1851348148,10.0,36.0,7.0,859.2,153.6,0.4090864169,9.25,6.211055308,0.0
Split,-100.0,3.3333,,2.0,,4226.0,0.0,0.5624115555,1.0,1.223927889,0.0
Tunis,-223.0769,-0.7692223077,8.577810144,26.0,36.0,314980.0,269098.4,1.458474688,2.75,3.004265631,0.0
Takamatsu,-66.6667,4.4443988889,,9.0,,495.2,0.0,0.975557802,5.25,2.667489173,0.0
Belgrade,-250.0,-1.66665,10.0,6.0,7.0,95675.2,209491.2,0.04111222849,1.0,2.343615557,0.0
Espargos,-217.6471,-0.5882307843,9.707067388,13.0,13.0,179211.0,42806.0,1.170750371,1.0,2.822396744,0.0
Zia,-38.0952,5.3967726984,,21.0,,25906.311,0.0,1.64188008,0.0,1.759663195,0.0
Puerto Plata,-142.1053,1.9298040351,9.93141185,19.0,17.0,14636.0,11331.0,1.31408281,2.8,3.993824674,0.0
Ningbo Lishe,-272.7273,-2.4242190909,9.545976153,11.0,20.0,776.0,4954.16,0.7361556932,5.0,3.214478189,0.0
Samsun Airport,-134.5679,2.1810481893,0.3202839954,81.0,27.0,21012.0,7338.0,0.8108398355,7.8,2.778043005,0.0
Johor Bahru,-110.0,2.99997,9.993321457,10.0,7.0,20040.0,33750.0,0.2880828151,1.2,3.620343568,0.0
Fuzhou Changle,-166.6667,1.1110988889,10.0,9.0,20.0,405.0,2570.34,0.620343248,5.666667,4.349527284,0.0
Athens,-106.6667,3.1110788889,10.0,30.0,13.0,38601.6,52283.661,0.2819030416,5.666667,4.764912233,0.0
San Jose,-75.0,4.166625,,4.0,,14839.2,0.0,0.1843580378,1.0,1.337745759,0.0
Guiyang Longdongbao,-100.0,3.3333,,3.0,,5.6,0.0,1.366849741,6.5,2.800037435,0.0
Ibaraki,-28.5714,5.7142295238,,7.0,,45.2,0.0,2.225192091,6.5,3.609855404,0.0
Jerez De La Frontera,-242.8571,-1.4285557143,2.129598119e-24,8.0,14.0,8088.0,9908.4,1.575061867,4.5,1.161626538,0.0
Lagos,-228.5714,-0.9523704762,10.0,7.0,14.0,4398.0,1940.4,1.364919522,1.0,2.853137262,0.0
Entebbe,0.0,6.6666,,17.0,,25474.113,0.0,1.225576896,0.0,1.973044224,0.0
Trabzon Airport,-57.1429,4.7618557143,9.7488307,56.0,20.0,35840.0,5779.0,0.7186730628,7.8,5.757339869,0.0
Quito,-94.7368,3.5087382456,9.988479257,19.0,12.0,37411.0,14225.0,1.012172393,0.8,3.827347474,0.0
Ngurah Rai,-122.2222,2.5925674074,9.996339213,9.0,24.0,180263.4,306071.622,0.6137193109,1.0,3.550656483,0.0
Casablanca,-193.5484,0.2150511828,7.262005593,31.0,29.0,1374110.0,671335.57,3.209642487,2.6,3.321674816,0.0
Natal,-111.1111,2.9629337037,10.0,18.0,12.0,1701.0,1006.0,0.3488454797,2.6,3.977944796,0.0
Nanchang Changbei,-150.0,1.66665,,4.0,20.0,38.0,478.408,0.4874195656,6.5,2.163517391,0.0
Min Vody,-122.2222,2.5925674074,10.0,9.0,9.0,286.2,383.4,0.2708618435,3.333333,4.049190563,0.0
Mahon Airport,-211.1111,-0.3703662963,10.0,9.0,16.0,62606.4,87153.6,1.997327081,4.5,4.031740196,0.0
Lille,-87.5,3.7499625,0.0,8.0,6.0,3937.2,2271.6,1.423041684,4.75,2.480751046,0.0
Brasilia,-150.0,1.66665,10.0,18.0,14.0,1305.0,1152.0,1.290048627,2.6,3.889174657,0.0
Phnom Penh,-250.0,-1.66665,0.09530201378,10.0,25.0,21870.0,75199.0,1.530130782,0.8,0.189695699,0.0
Venice,-137.5,2.0833125,10.0,16.0,9.0,13748.8,11835.2,0.9403294603,5.5,4.63091049,0.0
Edinburgh,-250.0,-1.66665,10.0,6.0,13.0,9886.0,56706.8,1.269674668,4.0,3.400756167,0.0
Sihanoukville,-200.0,0.0,,7.0,8.0,81.6,183.4,0.6345567052,1.0,0.4086391763,0.0
Faro Airport,-250.0,-1.66665,10.0,6.0,9.0,38523.6,66348.0,1.488767933,1.0,2.705529483,0.0
Barcelona,-188.8889,0.3703662963,10.0,9.0,19.0,4688047.2,4271917.2,1.459222,4.5,4.082397074,0.0
Billund,0.0,6.6666,,8.0,,2978.714,0.0,0.8099741593,3.0,2.61914354,0.0
Marrakech,-203.4483,-0.1149421839,8.31372972,29.0,28.0,2398689.0,1835466.355,2.475260288,2.8,3.368511956,0.0
London Stansted,-250.0,-1.66665,10.0,6.0,13.0,24347.2,86638.8,0.883762157,4.0,3.304278039,0.0
Katowice,,,,13.0,,84174.4,0.0,0.2069423417,4.0,1.051735585,0.0
Marseille,-242.8571,-1.4285557143,9.500828729,14.0,10.0,567910.0,219784.0,1.446182507,4.0,3.37961388,0.0
Hebei,-36.3636,5.4544921212,,11.0,,1485.2,0.0,0.6846998262,5.0,2.784797987,0.0
Shanghai Pudong,-243.75,-1.45831875,4.529947201,16.0,20.0,611191.48,3775083.52,1.236669917,5.0,2.327074592,0.0
Granada,-200.0,0.0,,2.0,3.0,2462.4,1329.6,1.401567945,4.0,1.350391986,0.0
Cali,-75.8621,4.1378886207,9.707418231,29.0,10.0,27115.59,1081.0,0.1533139624,1.6,3.899655203,0.0
Durban,-187.5,0.4166625,10.0,8.0,9.0,1152.0,2440.0,1.931155393,1.25,3.399454473,0.0
Perth,-281.8182,-2.7272460606,10.0,11.0,15.0,3685.2,10144.26,1.405656514,2.25,2.732102613,0.0
Cardiff,-283.3333,-2.7777488889,10.0,6.0,10.0,428.4,4258.4,1.361643165,4.0,3.145973569,0.0
Oslo,-120.0,2.66664,10.0,20.0,11.0,207334.4,289218.8,1.356286487,1.75,3.943231622,0.0
Hong Kong,-243.75,-1.45831875,3.861929551,16.0,14.0,1997556.96,4469410.64,0.6476165631,0.0,0.7628068409,0.0
Mandalay,-25.0,5.833275,,8.0,,1616.8,0.0,0.05089801582,1.0,1.721043254,0.0
Kota Kinabalu,-200.0,0.0,0.2469136315,7.0,7.0,11707.2,11180.0,1.319175995,1.25,0.7040224067,0.0
Ohrid,-237.5,-1.2499875,10.0,8.0,11.0,1236.8,1254.8,0.2897395862,1.0,2.509938022,0.0
Umea,-25.0,5.833275,,4.0,3.0,8.0,2.6,0.2582257974,3.0,2.272875199,0.0
Leeds Bradford,-200.0,0.0,10.0,6.0,10.0,1591.6,21320.4,1.062982148,4.0,3.765745537,0.0
Everrich Downtown Kinmen,-146.6667,1.7777588889,10.0,15.0,8.0,38465.3,421699.955,0.07547243454,1.0,3.213307831,0.0
Birmingham,-266.6667,-2.2222011111,10.0,6.0,13.0,10080.0,76532.4,1.136442734,4.0,3.228560406,0.0
Manama,-182.8571,0.5714242857,9.668807847,35.0,22.0,386416.0,651945.0,0.8867238588,0.0,2.781738998,0.0
Roland Garros,-187.5,0.4166625,10.0,8.0,6.0,71842.2,49104.6,1.827873587,0.0,3.061134022,0.0
Belize City,-9.5238,6.3491431746,,21.0,,22877.23,0.0,0.8996173318,0.0,1.812190127,0.0
Ciampino Airport,-73.3333,4.2221811111,10.0,15.0,7.0,5711.2,3947.6,0.431446665,5.0,4.913406944,0.0
Weihai Dashuibo,-185.7143,0.4761852381,9.989737703,7.0,18.0,966.4,5092.836,0.2822567461,5.0,3.937044922,0.0
Trondheim,-155.5556,1.4814651852,10.0,18.0,11.0,4601.6,7077.6,1.589751501,1.5,3.642804171,0.0
Miyazaki,-100.0,3.3333,,2.0,,16.4,33.2,0.841767885,9.0,3.293766971,0.0
Salvador,-113.3333,2.8888611111,10.0,15.0,11.0,4338.4,3586.4,0.743050338,2.75,4.095477862,0.0
Basseterre (Saint Kitts),-112.5,2.9166375,9.825581395,16.0,9.0,568.0,583.0,1.084827665,2.0,3.95676164,0.0
Porto Alegre,-93.75,3.54163125,10.0,16.0,10.0,288.0,202.0,0.5910200812,2.4,4.133162833,0.0
Urumchi Diwobao,-226.6667,-0.8888811111,2.262903426,15.0,20.0,10816.0,67891.056,0.1164704647,5.0,1.622623195,0.0
Dalaman Airport,-25.7143,5.8094652381,,70.0,,135728.0,0.0,1.052994051,9.5,4.090614822,0.0
Warsaw-Modlin,-66.6667,4.4443988889,10.0,12.0,2.0,39491.4,391.2,0.1592156824,4.0,4.650903643,0.0
Antalya Airport,-150.0,1.66665,0.3423202805,90.0,31.0,4587576.8,4767586.4,0.6962273972,9.5,3.051299419,0.0
Santo Domingo Las Americas,-140.9091,1.9696769697,9.966510928,22.0,16.0,172034.0,148081.0,0.02266365801,2.6,3.639712889,0.0
Banja Luka,-187.5,0.4166625,10.0,8.0,10.0,4911.66,1151.22,0.3910417811,1.666667,3.11859282,0.0
Malaga,-177.7778,0.7407325926,10.0,9.0,19.0,2272185.6,2766271.2,1.763160646,4.5,4.25097331,0.0
Kuala Lumpur,-245.4545,-1.5151348485,8.192041716,11.0,12.0,1592992.8,2569518.0,1.166167063,1.166667,2.252435233,0.0
RIYADH,-217.6471,-0.5882307843,9.703578273,17.0,16.0,1750743.2,2183610.4,0.8485624614,1.75,2.928477488,0.0
Taipei - Taoyuan,-133.3333,2.2222011111,10.0,15.0,8.0,2517275.78,31556061.585,1.710446326,1.0,3.733161859,0.0
Astana,-188.8889,0.3703662963,,9.0,6.0,926.8,958.2,0.117321123,1.0,0.3719218548,0.0
Douala,,,,4.0,,595.2,0.0,2.83017466,0.0,0.7075436649,0.0
Gerona,-244.4444,-1.4814651852,10.0,9.0,17.0,88554.0,91124.4,1.838531966,4.5,3.714266695,0.0
Guangzhou Baiyun,-233.3333,-1.1110988889,2.262903426,15.0,20.0,125532.16,768259.704,1.211533169,5.0,1.840834426,0.0
Punta del Este,,,,1.0,,1.6,0.0,0.2582257974,1.0,0.3145564494,0.0
Mudanjiang Hailang,-150.0,1.66665,,4.0,20.0,43.2,272.76,0.2827954029,5.0,1.737361351,0.0
Kalibo,-50.0,4.99995,,2.0,,45.4,0.0,0.1913974557,1.0,1.547836864,0.0
Norwich,-283.3333,-2.7777488889,10.0,6.0,8.0,165.2,728.4,1.488584004,4.0,3.177708779,0.0
Busan - Kimhae,-247.8261,-1.5941873913,8.57622663,23.0,56.0,276062.4,2847073.2,1.879322242,2.666667,2.88200712,0.0
Rzeszow,0.0,6.6666,,13.0,,34030.4,0.0,0.2355695756,4.0,2.725542394,0.0
Prague,-128.5714,2.3809295238,10.0,7.0,8.0,133444.0,154817.6,0.8070077302,2.0,3.796984314,0.0
Guayaquil,-72.7273,4.2423809091,10.0,11.0,9.0,41983.2,4866.4,1.418927862,1.0,4.165327193,0.0
Charleroi,-200.0,0.0,,3.0,6.0,1810.0,1095.0,1.461576437,1.0,0.6153941094,0.0
Ouarzazate,-218.1818,-0.6060539394,10.0,11.0,16.0,1720.0,1297.85,0.2779803891,4.5,3.542981612,0.0
Agadir,-217.2414,-0.5747075862,8.602792807,29.0,28.0,861494.0,498115.065,2.579923639,2.8,3.352002215,0.0
Gdansk,-141.6667,1.9444238889,10.0,12.0,9.0,486750.16,37840.8,0.3086137464,4.0,4.063259409,0.0
Beirut - Rafik Hariri,-50.0,4.99995,,36.0,,539030.4,0.0,0.02422859045,0.0,1.256044648,0.0
San Salvador Comalapa,-74.0741,4.1974880247,9.885007181,27.0,10.0,80375.0,2955.0,0.008928608837,0.0,3.522855954,0.0
Phu Quok,-84.6154,3.8461148718,10.0,13.0,7.0,7966.4,789.82,1.096029627,1.25,4.048036125,0.0
Aswan,-24.1379,5.8620113793,,29.0,,9077.756,0.0,1.480854199,1.5,2.210716395,0.0
Guadalajara,-165.0,1.166655,9.722382889,20.0,13.0,97918.0,14163.0,0.02622714002,3.0,3.478816257,0.0
Lanzarote,-250.0,-1.66665,10.0,8.0,16.0,37244.8,123612.0,1.098178324,1.0,2.607882081,0.0
Port-au-Prince (Haiti),-52.9412,4.9019109804,,17.0,,2142.0,0.0,1.499607794,2.0,2.100379694,0.0
Ankara Airport,-162.3377,1.2553974459,0.1534107353,77.0,37.0,92800.0,44896.0,0.4398326061,9.75,2.899660197,0.0
Bangalore,-233.3333,-1.1110988889,10.0,18.0,14.0,26149.8,52164.6,0.8531891528,2.333333,3.018855816,0.0
Ibiza,-188.8889,0.3703662963,10.0,9.0,17.0,372643.2,428239.2,1.700935424,4.5,4.14282543,0.0
Harbin Taiping,-150.0,1.66665,,2.0,20.0,10.0,62.52,0.5968041076,5.5,1.940863527,0.0
Lima,-222.7273,-0.7575690909,9.987286999,22.0,22.0,116438.0,233118.0,1.41840426,0.0,2.662030542,0.0
Palermo,-55.5556,4.8147651852,10.0,9.0,8.0,2318.0,1285.2,1.099002944,4.5,5.103442032,0.0
Mykonos,-271.4286,-2.3809295238,10.0,7.0,10.0,1852.4,2137.6,0.6319563067,8.5,4.187756696,0.0
Kigali,-22.2222,5.9258674074,,5.0,,1821.0,0.0,0.3275961876,0.0,1.563365899,0.0
Amman,-192.3077,0.2564074359,9.328551139,39.0,30.0,2092606.4,1356669.6,0.6092662004,1.5,2.923556194,0.0
Guernsey,-250.0,-1.66665,,2.0,,421.0,0.0,0.1182269295,3.0,0.3628942324,0.0
Ioannina,-50.0,4.99995,10.0,8.0,2.0,17.6,4.0,0.4574194878,8.5,5.989342372,0.0
Gibraltar,-112.5,2.9166375,,8.0,,7318.06,0.0,1.034132754,0.0,0.9876925636,0.0
Mexico City,-227.2727,-0.9090809091,9.968474552,22.0,24.0,1220628.0,549671.0,0.2385272933,3.0,3.074480234,0.0
Krakow Balice,-192.3077,0.2564074359,10.0,13.0,11.0,477184.48,34644.4,0.3625501763,4.0,3.654739403,0.0
Xian Xianyang,-250.0,-1.66665,4.529947201,16.0,20.0,7439.756,138148.852,0.4169172134,5.0,2.070053604,0.0
Cairns,-75.0,4.166625,,4.0,,39.0,0.0,0.6914179206,2.666667,1.88117748,0.0
Sandefjord-Torp,-25.0,5.833275,,20.0,,11046.333,0.0,0.6784258751,1.666667,2.044591969,0.0
Zhengzhou Xinzheng,-257.1429,-1.9047442857,5.437783561,14.0,20.0,3896.8,49734.864,1.028610335,5.0,2.390412403,0.0
Sevilla,-250.0,-1.66665,10.0,8.0,16.0,93592.8,96304.8,1.258427783,4.25,3.460444446,0.0
Auckland,-16.6667,6.1110488889,,6.0,,1542.0,0.0,1.558601773,1.333333,2.250745915,0.0
Monterrey,-95.0,3.499965,10.0,20.0,11.0,13992.0,3997.0,0.08174120963,2.8,4.095426552,0.0
Chubu,-192.5926,0.2469108642,6.635358791,27.0,62.0,161466.4,1314294.72,1.24103079,5.5,3.405825111,0.0
Santiago De Compostela,-242.8571,-1.4285557143,,7.0,9.0,33696.0,26750.4,1.605561781,4.5,1.169251517,0.0
Szczecin,-110.0,2.99997,10.0,10.0,6.0,34881.76,1388.0,0.2434955837,4.0,4.310866396,0.0
Zakynthos,-250.0,-1.66665,10.0,12.0,12.0,3184.0,13346.0,0.7568002526,8.5,4.397537563,0.0
Port Louis,-16.6667,6.1110488889,,6.0,,106209.2,0.0,2.371002678,0.0,2.120512892,0.0
Exeter,-266.6667,-2.2222011111,10.0,6.0,13.0,193.2,1118.8,1.045377606,4.0,3.205794124,0.0
Palma De Mallorca,-200.0,0.0,10.0,9.0,18.0,2815998.0,2967657.6,1.663833814,4.5,4.040958454,0.0
Santiago Cibao,-31.25,5.62494375,0.311059901,16.0,7.0,40026.0,26727.0,0.0001076732603,2.8,2.184027831,0.0
Milan - Linate,-84.6154,3.8461148718,10.0,13.0,7.0,2494.4,1478.8,1.012072155,5.5,5.089546757,0.0
Tuzla,-33.3333,5.5555011111,,12.0,,10661.4,0.0,0.2958359323,1.666667,1.879501011,0.0
Thessaloniki,-120.8333,2.6388636111,10.0,24.0,12.0,9207.2,14756.816,0.3334414667,8.0,5.243076269,0.0
Viracopos,-211.1111,-0.3703662963,9.674072332,18.0,17.0,6564.0,3214.0,0.9376590309,2.6,3.210341267,0.0
Wroclaw,,,,13.0,,102021.2,0.0,0.2075982265,4.0,1.051899557,0.0
La Paz Manuel Marquez de Leon,-30.7692,5.6409702564,10.0,13.0,3.0,2299.0,143.0,0.1820581414,2.8,4.655757099,0.0
London Gatwick,-250.0,-1.66665,10.0,6.0,13.0,98281.2,324387.2,0.9496475533,4.0,3.320749388,0.0
Kaunas,-233.3333,-1.1110988889,10.0,3.0,5.0,43209.2,9548.4,0.192864424,1.0,2.520441384,0.0
Geneva,-247.3684,-1.5789308772,10.0,19.0,28.0,453156.8,774042.4,0.9340392268,1.5,2.713777087,0.0
London Southend Airport,-250.0,-1.66665,10.0,6.0,10.0,181.6,586.0,1.388366017,4.0,3.430429004,0.0
Aalborg,,,,3.0,,277.406,0.0,0.9319284137,2.0,0.7329821034,0.0
Vilnius,-233.3333,-1.1110988889,10.0,3.0,5.0,159432.0,66436.4,0.3596393043,1.0,2.562135104,0.0
Chattrapati Shivaji,-39.1304,5.3622663768,,23.0,,59943.006,0.0,0.9327713891,3.0,2.323759441,0.0
Indira Gandhi,-37.037,5.432045679,,27.0,,102713.979,0.0,0.5184211554,3.0,2.237616709,0.0
Vaxjo,-100.0,3.3333,,2.0,,22.0,0.0,0.3111719188,2.0,1.41111798,0.0
Montego Bay,-214.8148,-0.4938217284,9.8606496,27.0,29.0,127891.85,188401.0,1.301444671,1.0,2.917068136,0.0
Suleymania Airport,-42.1053,5.2631040351,,19.0,,16140.0,0.0,0.6484269819,2.666667,2.144549504,0.0
Buenos Aires - Ezeiza,-22.2222,5.9258674074,,9.0,,306144.0,0.0,0.03587072691,1.333333,1.823767784,0.0
Bourgas,-225.0,-0.833325,10.0,4.0,9.0,2274.8,13390.4,0.2152301119,1.5,2.720476278,0.0
Yerevan,-180.0,0.66666,,5.0,19.0,111.2,1642.4,0.1109906648,0.0,0.1944126662,0.0
Nantes,-191.6667,0.2777738889,9.918914562,12.0,11.0,32400.0,40128.0,1.506162503,4.0,3.925712739,0.0
Samos,-325.0,-4.166625,10.0,4.0,7.0,33.6,71.2,0.7918956688,8.5,3.781317667,0.0
Bujumbura,-25.0,5.833275,,4.0,,270.0,0.0,2.442853966,0.0,2.069032242,0.0
Incheon,-229.1667,-0.9722136111,7.37388085,24.0,56.0,18077323.2,155184594.678,2.136616582,2.5,2.759570955,0.0
Aarhus,-37.5,5.4166125,,8.0,,212.002,0.0,0.2873472875,3.0,2.175989947,0.0
Singapore - Changi,-50.0,4.99995,,16.0,,253979.2,0.0,0.4352900588,0.0,1.358810015,0.0
A Coruna,-100.0,3.3333,,5.0,5.0,5637.6,4064.4,0.9133771439,4.5,2.186669286,0.0
Baku,-28.5714,5.7142295238,,21.0,,30052.8,0.0,0.2695007384,0.0,1.495932566,0.0
Tangier,-213.7931,-0.4597654023,8.982667562,29.0,27.0,284981.0,271736.44,3.105891819,2.8,3.607198495,0.0
Vientiane,-140.0,1.99998,10.0,10.0,4.0,31182.4,128284.8,2.702982585,0.0,3.675740646,0.0
Chitose,-56.0,4.799952,,25.0,,29546.4,0.0,1.850129611,5.25,2.975020403,0.0
Paris Charles De Gaulle,-250.0,-1.66665,9.68055782,14.0,12.0,19632406.0,12367172.0,1.072053472,4.0,3.271490323,0.0
Manchester,-233.3333,-1.1110988889,10.0,6.0,13.0,74390.8,802021.2,1.132297597,4.0,3.505299677,0.0
Pisa,-76.9231,4.1025223077,10.0,13.0,4.0,3290.8,1319.2,0.5933117122,5.5,5.048958505,0.0
Hannover,-200.0,0.0,10.0,12.0,8.0,7778.0,10388.8,1.218335635,5.5,4.179583909,0.0
Fortaleza,-93.75,3.54163125,10.0,16.0,9.0,14885.0,3060.0,0.8384476308,2.4,4.19501972,0.0
Buenos Aires Aeroparque,-22.2222,5.9258674074,,9.0,,13972.8,0.0,0.04721051746,1.333333,1.826602731,0.0
Yangyang,-240.0,-1.33332,10.0,10.0,30.0,20.8,179.2,0.5155347423,2.75,2.983053686,0.0
Kilimanjaro,-277.7778,-2.5925674074,10.0,9.0,13.0,615.6,420.4,3.334396513,1.5,3.060457277,0.0
Bournemouth,-300.0,-3.3333,10.0,6.0,9.0,314.4,1811.2,1.07643272,4.0,2.93578318,0.0
Murcia,-266.6667,-2.2222011111,10.0,6.0,9.0,23889.6,75265.2,0.11763302,4.5,3.098857977,0.0
Copenhagen,-112.5,2.9166375,10.0,8.0,6.0,39575.2,91357.6,1.023117769,3.0,4.234938817,0.0
Cordoba,-28.5714,5.7142295238,,7.0,,1352.4,0.0,0.4659556941,1.5,1.920046304,0.0
Oujda,-204.1667,-0.1388886111,9.462698308,24.0,21.0,240459.0,118660.745,2.9123408,2.6,3.709037624,0.0
Adelaide,-175.0,0.833325,,4.0,,39.0,0.0,0.8082397641,2.666667,1.077057941,0.0
St. Petersburg Pulkovo,-177.7778,0.7407325926,10.0,9.0,12.0,5000.4,8560.2,0.213932548,3.333333,3.571999535,0.0
Jomo Kenyatta,-265.0,-2.166645,9.670982057,20.0,16.0,175242.79,31681.0,2.013940841,0.4,2.479569475,0.0
Abu Dhabi,-203.0303,-0.1010089899,6.989140283,33.0,18.0,3600728.6,2003943.2,1.186127815,2.142857,2.554279027,0.0
Hangzhou Xiaoshan,-247.0588,-1.5686109804,2.262903426,17.0,20.0,38420.0,366865.472,0.6991381356,4.75,1.535857645,0.0
Kos,-233.3333,-1.1110988889,10.0,12.0,9.0,3633.2,11921.2,0.8582194649,8.5,4.561780144,0.0
Olsztyn,-30.0,5.66661,10.0,10.0,6.0,8260.28,367.6,0.2772977513,4.0,4.985976938,0.0
Guatemala City,-120.0,2.66664,9.802920774,15.0,13.0,21128.0,4206.0,0.520332107,0.0,3.24747322,0.0
Bodrum Airport,-182.8571,0.5714242857,9.338280016,70.0,35.0,67300.8,119305.6,0.6006246083,9.75,5.065082228,0.0
Tbilisi,-92.8571,3.5713942857,10.0,14.0,8.0,35639.2,11996.0,0.4380213266,1.0,3.752353903,0.0
Lodz,-116.6667,2.7777488889,10.0,12.0,5.0,21298.72,214.0,0.1972085243,4.0,4.243739353,0.0
Enfidha,-220.0,-0.66666,9.099577336,30.0,20.0,60747.0,4684.0,0.755713278,2.4,2.897157654,0.0
Milan - Malpensa,-141.1765,1.9607637255,10.0,17.0,11.0,99718.8,65735.6,0.6685808841,5.0,4.407336152,0.0
Cozumel,-140.0,1.99998,9.937378512,20.0,13.0,2413.0,1379.0,0.6909656606,3.0,3.907081043,0.0
Brisbane,-70.0,4.33329,,10.0,,2734.184,0.0,1.265177959,2.5,2.02461699,0.0
Penang,-71.4286,4.2856704762,,7.0,4.0,5504.0,7400.0,0.9769574364,1.25,1.628156978,0.0
Montevideo,-150.0,1.66665,,2.0,3.0,2208.4,3655.2,0.1154792631,1.0,0.6955323158,0.0
Lyon Saint Exupery,-264.2857,-2.1428352381,9.988881587,14.0,11.0,301722.0,156430.0,1.26831374,4.0,3.278590022,0.0
Kavala,-171.4286,0.9523704762,10.0,7.0,8.0,291.2,387.6,0.2718514023,8.5,4.93105547,0.0
Nykoping,-100.0,3.3333,,2.0,,40.0,0.0,0.003120267608,2.0,1.334105067,0.0
Togo,-87.5,3.7499625,,16.0,,35541.496,0.0,2.558476274,0.0,1.577109694,0.0
Poznan-Lawica,-100.0,3.3333,,11.0,,73245.6,0.0,0.1823429355,3.5,1.753910734,0.0
Lulea,0.0,6.6666,,4.0,,22.6,0.0,1.728601269,3.0,2.848800317,0.0
Zurich,-257.8947,-1.9298040351,10.0,19.0,24.0,1053631.2,1944915.04,1.023178652,1.5,2.648343654,0.0
Novosibirsk,-100.0,3.3333,,1.0,1.0,20.4,0.8,0.1141114227,6.0,2.361852856,0.0
Leopold Sedar Senghar,-280.0,-2.66664,10.0,10.0,19.0,26597.2,25095.706,1.83080953,0.0,2.291042382,0.0
Qingdao Liuting,-240.0,-1.33332,7.255154978,15.0,20.0,8147.2,51390.196,0.6362868059,5.0,2.889530446,0.0
Kutaisi,-46.1538,5.1281553846,10.0,13.0,8.0,9184.0,11721.2,0.5155434203,1.5,4.285924701,0.0
Wenzhou Longwan,-233.3333,-1.1110988889,,9.0,20.0,1747.2,11027.464,0.3735633526,5.0,1.065616116,0.0
Tokyo - Narita,-203.5714,-0.1190454762,7.420250562,28.0,60.0,5501778.4,9506629.6,1.444837879,5.5,3.561510741,0.0
Moscow - Sheremetyevo,-164.2857,1.1904647619,10.0,14.0,15.0,172488.8,105483.2,0.1315517612,2.75,3.518004131,0.0
Nanning Wuxu,-244.4444,-1.4814651852,8.194462246,18.0,19.0,7450.8,40512.156,0.9233850955,4.75,3.096595539,0.0
Beauvais,-150.0,1.66665,8.54653424e-26,8.0,6.0,17829.6,9190.8,1.546738664,4.75,1.990847166,0.0
Kayseri Airport,-76.8116,4.1062389372,10.0,69.0,21.0,29273.6,9924.8,0.9349691976,9.5,6.135302034,0.0
Doha,-34.6939,5.5101482313,,49.0,,21185817.12,0.0,0.4350533797,0.0,1.486300403,0.0
Porto,-250.0,-1.66665,10.0,6.0,9.0,63493.6,41052.4,1.155269867,1.0,2.622154967,0.0
Santiago Arturo Merino Benitez,-233.3333,-1.1110988889,10.0,12.0,12.0,64180.8,240256.0,1.657401962,0.0,2.636575768,0.0
Moscow - Domodedovo,-138.4615,2.0512628205,10.0,13.0,11.0,3884.8,4197.6,0.6738240677,4.0,4.181271722,0.0
Skopje,-209.0909,-0.3030269697,10.0,11.0,16.0,39685.2,32630.4,0.5430750475,1.0,2.810012019,0.0
Erbil International Airport,-11.1111,6.2962337037,,18.0,,50384.0,0.0,0.5999540975,1.5,2.09904695,0.0
Genoa,-16.6667,6.1110488889,10.0,6.0,2.0,684.0,292.8,0.7715375736,5.0,5.470646616,0.0
Tashkent,-45.4545,5.1514651515,,11.0,2.0,4459.04,87.08,0.05306588054,0.0,1.301132758,0.0
Alexandoupolis,-311.1111,-3.7036662963,10.0,9.0,10.0,6545.2,19662.8,0.1390161495,8.5,3.733837463,0.0
St. Maarten Princess Juliana,-22.7273,5.9090309091,,22.0,,17950.52,0.0,1.423154403,0.0,1.833046328,0.0
Aomori,-125.0,2.499975,,4.0,,42.8,0.0,1.267214081,7.5,2.81679727,0.0
Chengdu Tianfu,-233.3333,-1.1110988889,2.262903426,15.0,20.0,15421.68,97504.264,0.5336581126,5.0,1.671365662,0.0
Beijing,-250.0,-1.66665,4.529947201,16.0,20.0,651547.2,3580867.488,1.19159405,5.0,2.263722813,0.0
Hefei Xinqiao,-266.6667,-2.2222011111,9.992251746,9.0,20.0,1821.6,11615.948,0.4581197708,5.0,3.307042601,0.0
Praia,-162.5,1.2499875,8.775303625,12.0,9.0,27262.0,2328.0,1.2410168,1.2,3.116576981,0.0
Faroe Islands,-16.6667,6.1110488889,,6.0,,640.0,0.0,0.4205833348,2.0,2.132908056,0.0
Recife,-172.2222,0.9259174074,8.117423295,18.0,13.0,2679.0,1784.0,0.7364236727,2.6,3.094941094,0.0
Alexandria,-13.3333,6.2221611111,,30.0,,14908.792,0.0,0.5658426418,1.75,2.134500938,0.0
La Palma,-237.5,-1.2499875,10.0,8.0,16.0,2240.0,3136.0,1.33755521,1.0,2.771891927,0.0
Cancun,-222.7273,-0.7575690909,9.264303006,22.0,24.0,1190708.0,921995.0,1.037689687,3.0,3.1361059,0.0
Nuernberg,-57.1429,4.7618557143,,14.0,,504.09,0.0,0.5119997636,5.5,2.693463869,0.0
Bydgoszcz,,,,13.0,,12014.0,0.0,0.3599229435,4.0,1.089980736,0.0
Luanda,-60.0,4.66662,,6.0,,6000.0,0.0,0.007012015293,0.0,1.168408004,0.0
Fukushima,-100.0,3.3333,,1.0,,1.4,0.0,1.496995344,9.0,3.457573836,0.0
Brno,-25.0,5.833275,,4.0,,3020.0,0.0,0.5236138473,1.5,1.964222212,0.0
Cork,-200.0,0.0,10.0,4.0,5.0,2105.2,11310.4,1.263222468,1.5,3.190805617,0.0
Munster-Osnabruck,-35.7143,5.4761352381,,14.0,,2500.006,0.0,0.5179522691,5.5,2.873521877,0.0
Sarajevo,-92.8571,3.5713942857,,14.0,,20044.152,0.0,0.5283854943,1.666667,1.441611695,0.0
Bordeaux,-166.6667,1.1110988889,9.560575449,12.0,8.0,75728.0,64262.0,1.539439394,4.0,4.052778433,0.0
Heraklion Airport,-120.0,2.66664,10.0,20.0,10.0,10300.2,21842.4,0.6826565963,6.0,4.837324149,0.0
Treviso,-122.2222,2.5925674074,10.0,9.0,7.0,473.2,208.0,0.315526836,5.5,4.602023561,0.0
Dar Es Salaam,-281.8182,-2.7272460606,10.0,11.0,17.0,6426.6,7357.794,3.092885547,1.333333,2.924743122,0.0
Tokyo - Haneda,-42.8571,5.2380442857,,28.0,,1538994.4,0.0,1.408413817,5.5,3.036614526,0.0
Panama Tocumen,-67.8571,4.4047192857,9.99795138,28.0,13.0,62276.0,8476.0,0.2242483461,0.0,3.656729753,0.0
Corfu,-89.4737,3.6841731579,10.0,19.0,11.0,9375.6,25129.2,0.6145977681,6.0,5.074692731,0.0
Naples,-118.75,2.70830625,10.0,16.0,9.0,19502.0,13546.8,0.8722658137,5.5,4.770143016,0.0
Helsinki-Vantaa,-50.0,4.99995,,4.0,,20966.0,0.0,0.5499628636,0.0,1.387478216,0.0
Hohhot Baita,-142.8571,1.9047442857,10.0,7.0,20.0,557.4,3508.317,0.01528215272,5.666667,4.39667336,0.0
Ekaterinburg,-83.3333,3.8888511111,,6.0,,44.0,0.0,0.2110681531,7.0,2.774979816,0.0
Paris Orly,-228.5714,-0.9523704762,9.976275208,14.0,11.0,3538906.0,2623600.0,1.397840178,4.0,3.605436228,0.0
Rotterdam,-133.3333,2.2222011111,10.0,3.0,3.0,576.8,339.2,0.2002612625,1.5,3.480615593,0.0
Gabon,-266.6667,-2.2222011111,,9.0,16.0,2485.6,2842.4,0.8906532696,0.0,-0.3328869604,0.0
Sanya Fenghuang,-160.0,1.33332,10.0,5.0,20.0,193.3,1214.88,0.1190303431,5.5,4.238087586,0.0
Cam Ranh,-30.7692,5.6409702564,10.0,13.0,6.0,12768.8,56405.6,0.452174023,1.25,4.33578607,0.0
Sfax,-172.7273,0.9090809091,10.0,11.0,5.0,7657.2,3854.4,1.585748008,2.333333,3.707040479,0.0
Eindhoven,-200.0,0.0,10.0,3.0,4.0,807.6,847.6,0.5936014177,1.5,3.023400354,0.0
Seoul,-233.3333,-1.1110988889,8.668524858,24.0,56.0,156391.2,1081195.8,2.120479482,2.666667,3.086143113,0.0
Bilbao,-271.4286,-2.3809295238,,7.0,9.0,58593.6,51952.8,2.065733405,4.5,1.04620097,0.0
Abuja,-200.0,0.0,10.0,7.0,11.0,1012.8,870.0,1.187898018,1.0,3.046974504,0.0
Asturias,-160.0,1.33332,,5.0,4.0,8726.4,6728.4,1.716507795,4.5,1.887456949,0.0
Quanzhou,,,,8.0,,724.8,0.0,1.35141835,5.666667,1.754521337,0.0
Luxor,-20.0,5.99994,,30.0,,5072.696,0.0,1.492378125,1.75,2.310579531,0.0
Rhodes,-83.3333,3.8888511111,10.0,24.0,12.0,16210.2,30413.4,0.5943464729,5.666667,5.037466146,0.0
Pengsheng,-60.0,4.66662,,15.0,,12799.36,0.0,0.7074136435,5.0,2.593508411,0.0
Daegu,-240.0,-1.33332,7.491418448,20.0,56.0,67886.4,233582.4,2.203981975,2.666667,2.757186856,0.0
Ras El Khaymah,-16.6667,6.1110488889,,30.0,,105823.2,0.0,0.05089244877,2.285714,2.111913834,0.0
Marsa Aalam,-46.6667,5.1110588889,,30.0,,86008.688,0.0,0.5818966586,1.75,1.860738887,0.0
Bergamo,-85.7143,3.8094852381,10.0,14.0,8.0,7382.4,5024.4,0.4700303048,5.0,4.819878886,0.0
Bangui,-50.0,4.99995,,2.0,,300.0,0.0,0.2582257974,0.0,1.314543949,0.0
Changchun Longjia,-200.0,0.0,10.0,5.0,20.0,457.8,2895.78,0.6585359199,4.666667,3.83130073,0.0
Gaborone,,,,1.0,,10.0,0.0,0.1418364186,0.0,0.03545910466,0.0
Punta Cana - Higuey,-220.6897,-0.6896497701,9.984301291,29.0,25.0,896911.0,288803.0,1.112599668,2.2,3.151812797,0.0
Mendoza,-28.5714,5.7142295238,,7.0,,1987.2,0.0,0.4033782752,1.5,1.90440195,0.0
Stavanger,-140.0,1.99998,10.0,20.0,11.0,32123.2,47543.2,1.537074608,1.75,3.821763652,0.0
Chania,-184.6154,0.5128148718,10.0,13.0,12.0,4078.0,6319.2,0.4397857818,8.0,4.738150163,0.0
Malmo,-200.0,0.0,,6.0,5.0,92.2,171.8,0.1664693172,3.0,0.7916173293,0.0
Los Cabos,-222.7273,-0.7575690909,9.760985049,22.0,20.0,39591.0,39834.0,0.6236109757,3.0,3.156756734,0.0
Jeju,-216.6667,-0.5555511111,8.712291225,24.0,56.0,719102.4,6316484.4,2.056074114,2.666667,3.219870307,0.0
Osaka - Kansai,-190.0,0.33333,7.818048691,30.0,60.0,4344000.0,14361620.8,1.458331366,4.4,3.502427514,0.0
Muan,-276.9231,-2.5640776923,6.918857979,13.0,43.0,444.0,8137.2,0.7808503776,2.166667,1.825574416,0.0
Eskisehir Airport,-20.6897,5.9769502299,8.921632175,58.0,10.0,3509.0,786.0,0.442474796,7.8,5.7852643,0.0
Okayama,-81.8182,3.9393539394,8.421052632,11.0,16.0,843.2,340.8,1.391802504,5.5,4.813052269,0.0
Dubai,-225.641,-0.854691453,0.8656469957,39.0,26.0,64791264.0,63439654.4,1.515168748,1.875,0.8502810727,0.0
Almeria,-242.8571,-1.4285557143,9.284687468e-12,7.0,17.0,10773.6,14985.6,2.414848455,4.25,1.309073185,0.0
Cheongju,-215.7895,-0.5263114035,7.773630537,19.0,55.0,25243.2,262393.8,1.686358375,2.666667,2.900086127,0.0
Warsaw,-184.6154,0.5128148718,10.0,13.0,13.0,992432.68,112275.2,0.1870207167,4.0,3.674958897,0.0
Southampton,-266.6667,-2.2222011111,10.0,6.0,11.0,864.0,4002.0,1.512905009,4.0,3.322675974,0.0
Jerba,-225.0,-0.833325,7.843628503,24.0,34.0,127468.8,131912.0,1.566804571,2.5,2.769277019,0.0
Liverpool,-183.3333,0.5555511111,10.0,6.0,11.0,2789.6,72900.4,0.9204917942,4.0,3.869010726,0.0
Jersey,-120.0,2.66664,10.0,5.0,2.0,3674.8,13538.8,1.107330896,3.0,4.193492724,0.0
Bridgetown,-34.7826,5.5071915942,,23.0,,49449.1,0.0,1.314346136,0.0,1.705384433,0.0
Dubrovnik,0.0,6.6666,,2.0,,4038.8,0.0,0.4697629609,1.0,2.03409074,0.0
Torino,-60.0,4.66662,10.0,10.0,2.0,1297.6,376.8,0.6239889544,5.5,5.197652239,0.0
Glasgow,-250.0,-1.66665,10.0,6.0,13.0,2439.6,56852.0,1.205602929,4.0,3.384738232,0.0
Sao Paulo - Guarulhos,-219.0476,-0.6349136508,9.986978804,21.0,18.0,404268.0,263117.0,1.210241006,2.4,3.24057654,0.0
Rabil,-112.5,2.9166375,7.5,12.0,6.0,50644.0,5751.0,1.178236195,1.2,3.198718424,0.0
Yancheng Nanyang,-100.0,3.3333,,1.0,,0.4,2.45,0.3552576728,4.0,1.922139418,0.0
Cape Town,-175.0,0.833325,10.0,8.0,11.0,27680.0,19671.2,1.735535428,1.25,3.454715107,0.0
Makhachkala,-66.6667,4.4443988889,,6.0,6.0,88.0,125.2,0.5952911943,7.0,3.009922521,0.0
Podgorica,0.0,6.6666,,3.0,,5660.0,0.0,0.05712227957,0.0,1.68093057,0.0
Volgograd,-130.0,2.33331,10.0,10.0,14.0,472.4,484.4,0.1319250989,4.5,4.241308775,0.0
Sofia,-250.0,-1.66665,10.0,6.0,10.0,100852.8,281813.612,0.1173636822,1.0,2.362678421,0.0
Toulouse,-261.5385,-2.0512628205,9.945392914,13.0,14.0,104262.0,75656.0,1.369462661,3.833333,3.274231439,0.0
Queretaro,-20.0,5.99994,,5.0,,80.0,0.0,0.0006854309267,2.5,2.125156358,0.0
Banjul,-228.5714,-0.9523704762,,7.0,9.0,2308.0,1524.8,3.295469677,0.0,0.5857748003,0.0
Valencia,-200.0,0.0,10.0,9.0,19.0,140056.8,120724.8,1.084426251,4.5,3.896106563,0.0
Kralendijk (Bonaire),-45.4545,5.1514651515,,11.0,,8554.995,0.0,0.8950898883,1.4,1.86163876,0.0
Sochi,-200.0,0.0,10.0,10.0,11.0,1105.8,2359.8,0.1409291394,3.0,3.285232285,0.0
Tulear,-25.0,5.833275,,4.0,,2336.002,0.0,0.4793148279,0.0,1.578147457,0.0
Rio de Janeiro,-210.0,-0.33333,10.0,20.0,19.0,164583.0,119907.0,1.195630312,2.6,3.365575078,0.0
Salzburg,-250.0,-1.66665,10.0,6.0,7.0,1635.2,788.8,0.9226970542,1.0,2.564011764,0.0
Stuttgart,-190.0,0.33333,10.0,10.0,7.0,4074.4,3094.8,0.8278721562,5.0,4.040300539,0.0
Pamandzi,-37.5,5.4166125,,8.0,,22539.006,0.0,0.9448275449,0.0,1.590360011,0.0
Tarbes - Lourdes,-128.5714,2.3809295238,3.911159126,7.0,5.0,1764.0,3926.0,0.07993061686,3.5,2.468004817,0.0
Jeddah,-236.0,-1.199988,10.0,25.0,14.0,1008967.2,278630.4,0.2054367573,1.25,2.563862189,0.0
