DF_Market,Location,Brand Family,BF_Volume,Margin_Volume,Brand Family Margin
Greece,Aktio,MARLBORO,414800,337761.777285326,0.814276223
Great Britain,Aberdeen,MARLBORO,462600,400201.501207304,0.8651134916
Poland,Wroclaw,MARLBORO,7382600,6551013.27698162,0.8873585562
China,Yancheng Nanyang,MARLBORO,400,290.923722353,0.7273093059
Macedonia,Skopje,PARLIAMENT,346600,291168.035320988,0.840069346
Kenya,Nairobi,L&M,20000,15780.193236715,0.7890096618
Turkey,Trabzon Airport,MURATTI,14000,10844.188980948,0.7745849272
Egypt,Luxor,MERIT,61791,53362.605334691,0.863598345
Egypt,Hurgada,MARLBORO,19277672,15948925.286854,0.8273263124
South Korea,Muan,PARLIAMENT,19000,14937.840931373,0.7862021543
Spain,Malaga,MARLBORO,9947800,8613042.53201,0.8658238537
Niger,Niamey,L&M,1800,1395.261371054,0.7751452061
Tunisia,Enfidha,CHESTERFIELD,73200,49125.156159025,0.6711086907
Tanzania,Dar Es Salaam,MARLBORO,997400,798548.9197958,0.8006305592
France,Montpellier,PHILIP MORRIS,389000,351473.063468105,0.9035297261
Iraq,Suleymania Airport,PARLIAMENT,650000,546191.314334876,0.8402943297
Spain,Malaga,CHESTERFIELD,259800,216518.246472093,0.8334035661
Morocco,Rabat,CHESTERFIELD,167800,129808.041607517,0.7735878522
Canary Islands,Fuerteventura,PHILIP MORRIS,366200,315265.246806013,0.8609100131
Italy,Verona,CHESTERFIELD,128400,106334.065969117,0.8281469312
South Korea,Incheon,PARLIAMENT,29135600,22953905.4578673,0.787830196
Egypt,Hurgada,PARLIAMENT,1680000,1422576.10196573,0.8467714893
Morocco,Casablanca,MARLBORO,44356400,36472969.0024817,0.8222707209
Mexico,Monterrey,L&M,18200,13765.553439747,0.7563490901
Italy,Milan - Malpensa,CHESTERFIELD,998200,818570.623973105,0.820046708
Japan,Fukuoka,PARLIAMENT,1042200,898396.371625315,0.8620191629
Dominican Republic,Santo Domingo Las Americas,MARLBORO,7430400,5959984.00799756,0.8021080975
Canary Islands,La Palma,MARLBORO,682400,586189.499180342,0.8590115756
Caribbean Other,Basseterre (Saint Kitts),MARLBORO,103800,83066.900425114,0.8002591563
Mauritania,Nouakchott,MARLBORO,739200,587437.829099353,0.7946940329
Japan,Chubu,PARLIAMENT,693000,589013.045907613,0.8499466752
Japan,Naha,LARK,20000,17494.73226646,0.8747366133
Mexico,Los Cabos,CHESTERFIELD,8800,7219.231813651,0.8203672516
Spain,Ibiza,CHESTERFIELD,31400,26234.886162144,0.8355059287
Russia,Samara,L&M,6600,4440.980133589,0.6728757778
China,Taiyuan Wusu,MARLBORO,247800,168302.478345273,0.6791867568
Poland,Lodz,L&M,1814820,1548679.71997802,0.8533516933
Morocco,Ouarzazate,PHILIP MORRIS,97400,83953.658647299,0.861947214
China,Hebei,PARLIAMENT,27600,18211.470644183,0.6598358929
Mexico,Mexico City,PARLIAMENT,143200,112908.125471261,0.7884645633
France,Toulouse,L&M,18000,16160.033004909,0.8977796114
China,Jinan Xiaoqiang,PARLIAMENT,10000,6595.678045725,0.6595678046
India,Chattrapati Shivaji,PARLIAMENT,179958,155587.746387156,0.8645781037
Brazil,Florianopolis,PARLIAMENT,3800,2851.018559444,0.750268042
Tunisia,Enfidha,L&M,1081200,688142.444828258,0.6364617507
Morocco,Ouarzazate,MARLBORO,660000,552516.400887468,0.837146062
South Korea,Seoul,PARLIAMENT,1071000,850957.144839136,0.7945444863
Russia,Min Vody,PARLIAMENT,3600,2878.372269451,0.7995478526
Mexico,Cozumel,CHESTERFIELD,600,492.179950139,0.8202999169
Tunisia,Monastir,CHESTERFIELD,126800,85466.162757601,0.6740233656
France,Nantes,CHESTERFIELD,98200,88726.331104989,0.9035267933
Kyrgyzstan,Manas,MARLBORO,641000,531546.734087774,0.829246075
New Zealand,Christchurch,MARLBORO,212000,200113.927287602,0.9439336193
Greece,Karpathos,MARLBORO,17800,14139.069201681,0.7943297304
Angola,Luanda,MARLBORO,1539600,1066429.66692222,0.6926667101
Spain,A Coruna,L&M,15600,13483.90847216,0.8643531072
Japan,Takamatsu,PARLIAMENT,14600,12457.921114752,0.8532822681
Canary Islands,La Palma,CHESTERFIELD,234400,191478.504592845,0.8168878182
Spain,Valencia,L&M,271800,219134.322061238,0.8062337088
China,Weihai Dashuibo,MARLBORO,241600,190623.629568211,0.7890050893
Russia,Sochi,MARLBORO,245200,195618.315115911,0.7977908447
Japan,Hiroshima,MARLBORO,225800,196425.627624227,0.8699097769
Sierra Leone,Sierra Leone,MARLBORO,7004000,5662689.53755648,0.8084936518
Great Britain,Guernsey,MARLBORO,421000,372821.96154645,0.885562854
Oman,Muscat,PHILIP MORRIS,584600,530257.904929324,0.9070439701
Saint Marteen (NL),St. Maarten Princess Juliana,L&M,109440,94263.535359078,0.8613261637
China,Hebei,MARLBORO,343700,248566.55945688,0.7232079123
Spain,Santiago De Compostela,L&M,145600,125259.970853619,0.8603019976
Spain,Ibiza,MARLBORO,3120200,2702238.36346183,0.8660465238
Macedonia,Skopje,L&M,1013400,721672.260247032,0.712129722
Italy,Treviso,CHESTERFIELD,9800,8200.16947569,0.8367519873
Aruba,Oranjestad,NEXT,2000,2000,1
Georgia,Batumi,MARLBORO,2316000,1940877.54053492,0.8380300261
Egypt,Alexandria,MARLBORO,2327125,1933247.88711415,0.8307451843
Vietnam,Cam Ranh,MARLBORO,3192200,2697126.15316208,0.8449113944
South Korea,Muan,MARLBORO,23400,18789.706705445,0.802978919
Spain,Palma De Mallorca,L&M,2082200,1680982.46494703,0.8073107602
China,Hangzhou Xiaoshan,PARLIAMENT,360800,221623.056793239,0.614254592
Morocco,Fes,PHILIP MORRIS,3808400,3262967.11518622,0.8567816183
Botswana,Gaborone,MARLBORO,10000,7972.849385589,0.7972849386
Great Britain,London Southend Airport,MARLBORO,90800,78774.406717554,0.8675595453
United Arab Emirates,Dubai,MARLBORO,292747000,256563895.596192,0.8764014511
Italy,Treviso,MERIT,6000,5119.597538806,0.8532662565
Brazil,Natal,MARLBORO,211000,152780.1428765,0.7240765065
Argentina,Mendoza,MARLBORO,546000,412227.028626759,0.7549945579
Germany,Dortmund,MARLBORO,310200,274480.044553854,0.8848486285
Turkey,Izmir Airport,MURATTI,97000,78479.124125981,0.8090631353
Mexico,La Paz Manuel Marquez de Leon,CHESTERFIELD,2000,1639.838301083,0.8199191505
Turkey,Istanbul Airport,EVE,294600,253686.273594439,0.8611210916
Niger,Niamey,MARLBORO,139200,112133.141463678,0.8055541772
Kenya,Jomo Kenyatta,L&M,273816,212561.763806146,0.7762941676
Iraq,Erbil International Airport,LARK,68000,53910.08434454,0.792795358
Namibia,Windhoek,L&M,230000,160716.873385968,0.6987690147
Poland,Bydgoszcz,MARLBORO,2634800,2335131.32011651,0.8862651131
Japan,Fukuoka,LARK,294800,261502.266701961,0.8870497514
Tunisia,Tunis,PHILIP MORRIS,2511800,2148394.92346233,0.8553208549
China,Qingdao Liuting,MARLBORO,1803400,1264578.11377271,0.701218872
Togo,Togo,MARLBORO,4976518,4055177.00834463,0.8148623211
Laos,Vientiane,MARLBORO,2738000,2330791.93959492,0.8512753614
Morocco,Nador,MARLBORO,5985400,4932244.00527104,0.8240458458
United Arab Emirates,Sharjah,PARLIAMENT,4809600,4228690.76459037,0.879218805
Aruba,Oranjestad,MARLBORO,5977600,4849036.81649024,0.8112012876
Jamaica,Kingston,L&M,26411,22236.223551287,0.8419303908
Kazakhstan,Almaty,L&M,132180,96523.354079338,0.7302417467
China,Xiamen Gaoqi,PARLIAMENT,279000,158562.985237056,0.568326112
Turkey,Kayseri Airport,EVE,8400,7344.390028482,0.8743321462
Spain,Barcelona,CHESTERFIELD,217800,181339.651628648,0.8325971149
Great Britain,Bristol,MARLBORO,1694200,1464514.44572345,0.8644283117
France,Lille,MARLBORO,341200,306632.852306562,0.8986894851
Italy,Florence,MARLBORO,724200,608194.269719502,0.8398153407
Poland,Krakow Balice,CHESTERFIELD,539380,449189.453148048,0.8327884852
Czech Republic,Brno,L&M,920000,856064.579986212,0.9305049782
Egypt,Luxor,L&M,299488,235304.747698635,0.78569007
France,Grenoble,PHILIP MORRIS,8000,7321.994509256,0.9152493137
Gabon,Gabon,L&M,12800,10002.700886291,0.7814610067
Italy,Bergamo,L&M,225000,180711.62514391,0.8031627784
Spain,Sevilla,CHESTERFIELD,100400,83646.910381874,0.8331365576
France,Toulouse,PHILIP MORRIS,489800,439736.866736645,0.8977886213
Denmark,Copenhagen,L&M,474000,428547.562411433,0.9041087815
Grenada,St. George's Point Saline,MARLBORO,184800,154052.960612048,0.8336199167
Turkey,Gaziantep Airport,L&M,211400,174183.367560674,0.8239515968
Spain,Gerona,MARLBORO,724400,627213.057705703,0.8658380145
Spain,Jerez De La Frontera,MARLBORO,84000,72875.334747757,0.8675635089
Myanmar,Mandalay,MARLBORO,286200,242868.339886112,0.8485965754
Poland,Warsaw,L&M,13599480,11498077.2832705,0.8454791862
Canary Islands,Lanzarote,CHESTERFIELD,3201800,2615642.34388146,0.8169287101
Brazil,Sao Paulo - Guarulhos,L&M,467200,373010.762744626,0.7983963244
France,Toulouse,CHESTERFIELD,44200,38884.182192746,0.8797326288
India,Hyderabad,PARLIAMENT,9982,8646.957108704,0.8662549698
Germany,Dresden,L&M,117000,100950.705764741,0.862826545
Austria,Vienna,MARLBORO,5379000,4727581.31298781,0.8788959496
South Africa,Cape Town,L&M,799800,596963.855962603,0.7463914178
Jordan,Aqaba,PARLIAMENT,114200,93371.548929745,0.8176142638
Azerbaijan,Baku,MARLBORO,8443200,6783874.04955588,0.8034719123
Macedonia,Ohrid,PARLIAMENT,8200,6868.82614251,0.8376617247
Malaysia,Kuala Lumpur,MARLBORO,25216400,21151851.0769293,0.8388132754
Egypt,Asyut,PARLIAMENT,63800,54371.147945663,0.8522123502
United Arab Emirates,Ras El Khaymah,L&M,259200,228730.138994181,0.8824465239
Spain,Palma De Mallorca,MARLBORO,9021400,7817020.78671181,0.8664975266
Ghana,Accra,MARLBORO,1840200,1459936.93474078,0.7933577517
Japan,Aomori,MARLBORO,13400,11652.516554124,0.8695907876
Taiwan,Kaohsiung,PARLIAMENT,1546418,1099092.19674165,0.7107342237
Italy,Rome Fiumicino,L&M,686400,599411.694620286,0.8732687859
Great Britain,Cardiff,MARLBORO,214200,184660.411692386,0.8620934253
New Zealand,Christchurch,BOND STREET,6000,5524.502646877,0.9207504411
Ecuador,Guayaquil,CHESTERFIELD,42000,31593.474864857,0.752225592
Turkey,Kutahya Airport,PARLIAMENT,29000,24555.522159873,0.8467421434
Italy,Rome Fiumicino,CHESTERFIELD,1099600,919392.347494471,0.8361152669
Canary Islands,Fuerteventura,CHESTERFIELD,2402400,1961695.66523786,0.8165566372
Russia,Min Vody,L&M,23600,16534.199562912,0.7006016764
Malaysia,Penang,MARLBORO,797800,670265.740715779,0.840142568
Dominican Republic,Santo Domingo Las Americas,CHESTERFIELD,32600,26115.422874529,0.8010865912
Russia,Moscow - Vnukovo,MARLBORO,977600,778515.86657628,0.7963542007
Italy,Milan - Linate,MERIT,17400,14615.139900352,0.839950569
Sweden,Nykoping,MARLBORO,20000,17687.419411396,0.8843709706
Uruguay,Montevideo,FIESTA,597200,486797.75977182,0.8151335562
Costa Rica,San Jose,MARLBORO,1119200,967692.414243748,0.8646286761
Italy,Rome Fiumicino,MARLBORO,16231400,13873136.2194499,0.8547097736
Mexico,Cancun,CHESTERFIELD,272400,222773.339362482,0.817816958
Norway,Sandefjord-Torp,MARLBORO,3157545,2831380.88986022,0.8967032583
Denmark,Aarhus,L&M,11949,10901.086429118,0.912301149
Spain,Asturias,L&M,26000,22475.879136249,0.8644568899
Ivory Coast,Abidjan,MARLBORO,3605000,2856774.03219277,0.7924477204
Italy,Bergamo,MERIT,75000,62907.398166674,0.8387653089
Greece,Skiathos,MARLBORO,437200,342027.702143534,0.7823140488
Norway,Sandefjord-Torp,L&M,79959,70847.066963298,0.8860424338
Norway,Stavanger,L&M,102200,88748.046981983,0.8683761936
Ghana,Accra,L&M,31800,13082.690424276,0.4114053593
Australia,Perth,ALPINE,200,199.731416518,0.9986570826
Brazil,Belo Horizonte,CHESTERFIELD,4800,3715.386133188,0.7740387777
Serbia,Belgrade,MARLBORO,20712000,16500594.0700295,0.7966683116
Egypt,Cairo,PARLIAMENT,8599600,7275846.65421052,0.8460680327
Norway,Sandefjord-Torp,PETTEROE'S,444607,405744.486995276,0.9125913155
Panama,Panama Tocumen,L&M,197600,159056.986827551,0.8049442653
Malaysia,Kuala Lumpur,CHESTERFIELD,1874000,1406824.09989229,0.7507065634
Spain,Almeria,L&M,136400,110099.918811239,0.8071841555
Dominican Republic,Santo Domingo Las Americas,NEXT,400,400,1
Turkey,Konya Airport,PARLIAMENT,78600,61523.711218654,0.7827444175
Tanzania,Dar Es Salaam,L&M,73800,57190.757485859,0.7749425134
Aruba,Oranjestad,CHESTERFIELD,23400,18484.005087464,0.7899147473
Saudi Arabia,Jeddah,MARLBORO,47772000,42099539.3778753,0.8812597207
Egypt,Marsa Aalam,MARLBORO,6645023,5575152.82702517,0.838996769
Turkey,Istanbul Airport,PARLIAMENT,29364800,24404840.4185677,0.8310916614
Turkey,Kutahya Airport,L&M,16200,13657.855026943,0.8430774708
Taiwan,Taichung,L&M,21096,5179.763427036,0.2455329649
Mexico,Mexico City,L&M,528800,394226.356125534,0.7455112635
Morocco,Essaouira,CHESTERFIELD,47600,37069.031565033,0.7787611673
Nicaragua,Managua,MARLBORO,1499400,1063420.90038442,0.7092309593
Mexico,Los Cabos,MARLBORO,3807200,3165488.31855465,0.8314478668
Turkey,Samsun Airport,EVE,11400,9581.464003177,0.8404792985
Italy,Bergamo,MARLBORO,3152400,2640280.01802118,0.8375460024
Germany,Frankfurt,MARLBORO,13672000,11918452.987531,0.871741734
Israel,Tel-Aviv,MARLBORO,146127200,128883070.439639,0.8819923357
Senegal,Leopold Sedar Senghar,L&M,121600,91036.305167645,0.7486538254
Brazil,Sao Paulo - Guarulhos,MARLBORO,10549800,7794920.29622843,0.7388690114
Brazil,Belo Horizonte,L&M,20800,16662.908452708,0.8011013679
France,Nice,CHESTERFIELD,80000,72287.71287569,0.9035964109
Mexico,Guadalajara,L&M,65000,49318.111041937,0.7587401699
Spain,Sevilla,MARLBORO,1115600,966643.080795665,0.8664782008
Bosnia-Herzegovinia,Tuzla,MARLBORO,3368400,2913354.15289928,0.8649074198
Russia,Astrakhan,L&M,35400,28256.952422833,0.798218995
Brazil,Rio de Janeiro,PARLIAMENT,77400,57322.183786478,0.7405966897
Italy,Verona,MARLBORO,1492400,1252281.69032694,0.8391059303
Jordan,Amman,PARLIAMENT,57503400,46903430.8055882,0.8156636096
Brazil,Natal,PARLIAMENT,1600,1178.853324286,0.7367833277
France,Toulouse,MARLBORO,1924200,1719825.39096627,0.8937872316
China,Changchun Longjia,MARLBORO,152600,107726.731676398,0.7059418852
French Guyana,Cayenne,PHILIP MORRIS,763600,680923.87584425,0.8917284912
Brazil,Viracopos,PARLIAMENT,2400,1760.749491674,0.7336456215
South Korea,Daegu,VIRGINIA SLIMS,489600,413494.250569796,0.8445552503
China,Chengdu Tianfu,MARLBORO,3671420,2736279.05684947,0.7452917555
China,Yantai Penglai,MARLBORO,343200,238683.03996444,0.6954634032
Great Britain,Southampton,MARLBORO,432000,373504.987366132,0.8645948782
Portugal,Porto,L&M,1535200,1371892.15719571,0.8936243859
Brazil,Salvador,CHESTERFIELD,5400,4201.629705405,0.7780795751
Russia,Sochi,PARLIAMENT,6400,5046.28197483,0.7884815586
Great Britain,Jersey,MARLBORO,1837400,1605039.52010565,0.8735384348
Spain,Asturias,CHESTERFIELD,19600,16321.415458196,0.8327252785
Mexico,Guadalajara,MARLBORO,4584000,3516971.57142298,0.7672276552
Qatar,Doha,PARLIAMENT,20100160,17871345.4299559,0.8891145857
Argentina,Buenos Aires - Ezeiza,PHILIP MORRIS,1565000,1230121.74651185,0.7860202853
Great Britain,Leeds Bradford,MARLBORO,795800,684217.672089468,0.8597859664
Greece,Ioannina,MARLBORO,7000,5662.815424184,0.808973632
Denmark,Faroe Islands,L&M,120000,109477.913710171,0.9123159476
Dominican Republic,Puerto Plata,CHESTERFIELD,7200,5770.29524721,0.8014298954
Spain,A Coruna,CHESTERFIELD,19600,16398.928943845,0.8366800482
Georgia,Tbilisi,L&M,846400,561188.759365022,0.6630301977
Greece,Rhodes,MURATTI,11200,7361.853953573,0.6573083887
Gibraltar,Gibraltar,L&M,939847,751454.26411502,0.7995495694
France,Paris Orly,MARLBORO,21547000,19346543.3492068,0.8978764259
Germany,Bremen,MARLBORO,180800,162616.994405379,0.8994302788
Poland,Katowice,MARLBORO,8131200,7215021.94168183,0.8873256028
Turkey,Istanbul Asia Airport,EVE,198800,173404.205452691,0.8722545546
Taiwan,Kaohsiung,VIRGINIA S.,787660,508258.798599705,0.6452768943
Iraq,Erbil International Airport,PARLIAMENT,1663000,1397500.76961951,0.8403492301
Russia,Ekaterinburg,MARLBORO,18400,15746.02440603,0.855762196
Dominican Republic,Puerto Plata,MARLBORO,1653200,1340324.11857451,0.8107452931
Turkey,Dalaman Airport,PARLIAMENT,821000,714322.631841527,0.870064107
Great Britain,Norwich,MARLBORO,82600,71966.942054643,0.8712704849
France,Lyon Saint Exupery,CHESTERFIELD,119400,107884.939959658,0.9035589611
Portugal,Porto,MARLBORO,6942600,6129333.72669158,0.8828585439
Russia,Volgograd,L&M,20600,16747.185165883,0.8129701537
Tunisia,Sfax,MERIT,22400,19022.197270959,0.8492052353
Poland,Katowice,L&M,8595000,7342804.46945607,0.8543111657
Taiwan,Everrich Downtown Kinmen,PARLIAMENT,1690780,1188357.21353242,0.7028455586
Australia,Perth,MARLBORO,83575,79100.715628958,0.9464638424
Spain,Granada,MARLBORO,37000,32074.357367422,0.8668745234
Italy,Ciampino Airport,L&M,337000,294169.80252586,0.8729074259
China,Dalian Zhoushuizi,MARLBORO,416080,282557.833765039,0.6790949667
Germany,Munich,L&M,1307000,1136048.2738268,0.8692029639
Morocco,Fes,MARLBORO,24994000,20721148.4916328,0.8290449104
Japan,Oita,MARLBORO,17600,15289.723466047,0.8687342878
Macedonia,Skopje,MARLBORO,9517000,8109688.55191047,0.8521265684
Macau,Macau,MARLBORO,8818400,7343379.08366284,0.8327337254
Australia,Brisbane,LONGBEACH,71106,64136.929844366,0.9019904065
Brazil,Salvador,PARLIAMENT,3200,2355.232576739,0.7360101802
Bulgaria,Varna,MARLBORO,596200,482689.168362106,0.8096094739
Dominican Republic,Punta Cana - Higuey,PHILIP MORRIS,200,164.838928911,0.8241946446
Costa Rica,Liberia,MARLBORO,323000,281420.356852551,0.8712704547
Laos,Vientiane,L&M,10000,6335.98784143,0.6335987841
Italy,Naples,MURATTI,18800,16451.609485239,0.8750856109
Canary Islands,Fuerteventura,MARLBORO,9791200,8428018.85698749,0.8607748649
Italy,Naples,L&M,456600,398818.930676558,0.873453637
Madagascar,Tulear,L&M,372944,262868.521161871,0.7048471652
Portugal,Lisbon,L&M,1783000,1591991.8721407,0.8928726148
Brazil,Natal,L&M,12000,9648.662204077,0.8040551837
Armenia,Yerevan,MARLBORO,23200,18113.873801209,0.7807704225
Georgia,Batumi,PARLIAMENT,1621000,1363193.0027463,0.8409580523
Germany,Nuernberg,L&M,77330,68722.653604487,0.8886933093
Mexico,Mazatlan,CHESTERFIELD,200,164.631337536,0.8231566877
Spain,Palma De Mallorca,PHILIP MORRIS,57800,51508.985735453,0.8911589228
Reunion,Roland Garros,PHILIP MORRIS,3666400,3173528.74926218,0.8655707913
Morocco,Fes,CHESTERFIELD,188800,146548.707749279,0.7762113758
Turkey,Ankara Airport,MARLBORO,7707800,6634103.79213951,0.8607000431
Poland,Olsztyn,L&M,680320,575646.736718642,0.8461411346
Kazakhstan,Almaty,MARLBORO,977620,815711.562503324,0.8343851011
Turkey,Trabzon Airport,L&M,291400,228563.98307747,0.7843650758
Morocco,Rabat,PHILIP MORRIS,2235600,1908735.51349413,0.8537911583
Turkey,Adana Airport,MARLBORO,307000,243722.49234503,0.7938843399
Japan,Chitose,MARLBORO,2601600,2252642.97760991,0.8658683032
Poland,Lublin,CHESTERFIELD,132800,110817.779132614,0.8344712284
Poland,Wroclaw,L&M,9420800,8028266.56763676,0.852185225
Oman,Muscat,L&M,3547600,3143177.23986137,0.886001026
Greece,Mykonos,MARLBORO,828400,671226.634912706,0.8102687529
Turkey,Bodrum Airport,MURATTI,41200,27581.523050651,0.669454443
Poland,Rzeszow,CHESTERFIELD,205400,171395.899377888,0.8344493641
Japan,Osaka - Kansai,MARLBORO,42005600,34302336.5715586,0.8166134175
Georgia,Batumi,L&M,648800,429017.828984478,0.6612481951
Mauritius,Port Louis,MARLBORO,31278800,26543739.4931379,0.8486175778
Poland,Lodz,MARLBORO,1705900,1506333.95846547,0.8830142203
El Salvador,San Salvador Comalapa,MARLBORO,6134200,4900143.04163337,0.7988234883
Brazil,Florianopolis,L&M,34800,28108.953893196,0.8077285601
France,Paris Charles De Gaulle,CHESTERFIELD,727800,657615.394618815,0.9035660822
Turkey,Adana Airport,LARK,2000,1597.240220675,0.7986201103
Mayotte,Pamandzi,CHESTERFIELD,129852,110693.018907141,0.8524552483
Turkey,Kayseri Airport,MURATTI,3600,3027.21844467,0.8408940124
Poland,Krakow Balice,MARLBORO,23228780,20549729.3967972,0.8846667538
Mexico,Cozumel,MARLBORO,465600,385824.08206879,0.8286599701
Switzerland,Zurich,L&M,1200,1053.818196822,0.8781818307
Cape Verde,Espargos,L&M,2739400,1986404.45029568,0.7251239141
Tunisia,Jerba,MARLBORO,18419000,15378783.3490897,0.8349412753
Malaysia,Johor Bahru,MARLBORO,1344000,1161028.25844474,0.8638603113
Georgia,Kutaisi,MARLBORO,1314000,1102867.80144984,0.8393210057
Great Britain,Bournemouth,MARLBORO,157200,135854.782590947,0.8642161742
Nigeria,Abuja,MARLBORO,269200,213856.607574421,0.7944153327
China,Beijing,PARLIAMENT,2522000,1527074.59142276,0.605501424
Spain,Gerona,CHESTERFIELD,11400,9520.924156244,0.8351687856
Belize,Belize City,MARLBORO,1574199,1324046.80046693,0.8410923908
Kosovo,PRISTINA,MARLBORO,11230200,9660793.5575306,0.8602512473
Iraq,Suleymania Airport,MARLBORO,4730000,3999914.01040131,0.8456477823
Costa Rica,San Jose,CHESTERFIELD,117400,94765.665404947,0.8072032828
Tanzania,Kilimanjaro,MARLBORO,301000,240889.782754611,0.8002982816
Japan,Shizuoka,MARLBORO,141800,122575.260664935,0.864423559
Greece,Kos,MARLBORO,1356400,1090282.52108803,0.8038060462
China,Guangzhou Baiyun,MARLBORO,30046040,21519900.4906192,0.7162308408
Russia,Moscow - Sheremetyevo,L&M,425800,301568.803331646,0.7082404963
Saudi Arabia,RIYADH,PARLIAMENT,10711000,9514435.32375636,0.8882863714
Brazil,Florianopolis,CHESTERFIELD,9000,6941.22923413,0.7712476927
Spain,Madrid Barajas,L&M,1019000,820920.720965947,0.8056140539
Tunisia,Tunis,L&M,864000,549339.951089518,0.6358101286
Djibouti,Djibouti,MARLBORO,189933,151123.9098025,0.7956695772
South Africa,Johannesburg,MARLBORO,11685400,9356047.69452961,0.8006613119
Turkey,Istanbul Asia Airport,MURATTI,305200,248854.692061566,0.8153823462
Egypt,Cairo,L&M,28986468,22557245.4159725,0.7781991727
Mexico,Monterrey,CHESTERFIELD,4800,3390.247293719,0.7063015195
Dominican Republic,Punta Cana - Higuey,L&M,2243000,1896755.92965746,0.8456334952
Egypt,Aswan,L&M,518150,403061.106454101,0.7778849878
Brazil,Fortaleza,L&M,70600,56735.866564216,0.8036241723
Mayotte,Pamandzi,PHILIP MORRIS,539533,462593.578763206,0.8573962645
New Zealand,Auckland,BOND STREET,6000,5524.502646877,0.9207504411
Greece,Heraklion Airport,ASSOS,9400,5333.457180238,0.5673890617
Sri Lanka,Colombo,PARLIAMENT,165043,142257.331865012,0.8619410206
Tunisia,Jerba,CHESTERFIELD,203200,134132.803845894,0.6601023811
Argentina,Bariloche,MARLBORO,29000,21670.526288644,0.7472595272
Russia,Makhachkala,BOND STREET,10000,5686.201879813,0.568620188
Mexico,Mexico City,MARLBORO,16407800,12638331.8819603,0.7702636479
Morocco,Oujda,CHESTERFIELD,73600,56437.32963289,0.7668115439
Turkey,Eskisehir Airport,MURATTI,800,666.383573468,0.8329794668
Mexico,Mazatlan,MARLBORO,187200,156785.531374286,0.8375295479
Greece,Athens,L&M,853800,552725.779193746,0.6473714912
France,Chambery,MARLBORO,120600,109469.163925128,0.9077045102
Central Africa,Bangui,MARLBORO,300000,262281.02189781,0.874270073
Turkey,Diyarbakir Airport,EVE,2600,2006.841807708,0.7718622337
French Guyana,Cayenne,L&M,1400,1227.971010886,0.8771221506
Georgia,Kutaisi,L&M,570200,380012.300081462,0.6664544021
Australia,Cairns,BOND STREET,900,831.517585625,0.9239084285
Japan,Iwate,MARLBORO,1000,863.38363707,0.8633836371
Italy,Verona,PHILIP MORRIS,3000,2386.680246582,0.7955600822
Mexico,Cancun,L&M,2222200,1869304.33842505,0.8411953642
Colombia,Bogota,L&M,336400,268676.674360881,0.7986821473
Croatia,Split,MARLBORO,2113000,1857865.17857008,0.8792546988
Saudi Arabia,RIYADH,MARLBORO,60636800,53485948.0280912,0.8820707562
Canary Islands,Lanzarote,MARLBORO,11145000,9590355.95695275,0.8605074883
Canary Islands,Gran Canaria,MARLBORO,21400800,18403431.3683262,0.8599412811
Georgia,Kutaisi,PARLIAMENT,902200,758270.273625124,0.8404680488
Russia,Moscow - Domodedovo,L&M,59600,38040.828981953,0.6382689427
China,Shanghai Pudong,PARLIAMENT,4908298,3255983.92535005,0.6633631302
Turkey,Antalya Airport,PARLIAMENT,12549600,10544472.417863,0.8402237854
Brazil,Salvador,MARLBORO,593400,435855.245997831,0.7345049646
Argentina,Cordoba,MARLBORO,510000,385428.165583237,0.7557415011
Cape Verde,Rabil,MARLBORO,6392400,4987763.76206784,0.7802646521
Mexico,Queretaro,MARLBORO,20000,16454.996353952,0.8227498177
Egypt,Marsa Aalam,L&M,3884352,3085509.45553725,0.7943434209
Gambia,Banjul,MARLBORO,1856800,1474217.72090553,0.7939561185
Spain,Sevilla,L&M,155000,125005.566791153,0.8064875277
Poland,Katowice,CHESTERFIELD,130600,109962.718369226,0.8419809982
Mexico,Cozumel,PARLIAMENT,11600,9757.682995577,0.8411795686
Russia,Moscow - Domodedovo,PARLIAMENT,114600,94859.085890551,0.8277407146
France,Paris Charles De Gaulle,L&M,236800,217782.887506786,0.9196912479
Australia,Cairns,MARLBORO,12100,10974.541672288,0.9069869151
Oman,Muscat,PARLIAMENT,4706200,4185814.71900578,0.8894255916
Greece,Mykonos,L&M,97800,65476.753301509,0.669496455
Russia,Volgograd,MARLBORO,14600,12208.33163497,0.8361870983
Mali,Bamako,MARLBORO,5621200,4633142.08361397,0.8242265146
France,Strasbourg,PHILIP MORRIS,3800,3479.108449441,0.9155548551
Turkey,Adana Airport,EVE,6400,5165.633011453,0.807130158
France,Tarbes - Lourdes,PHILIP MORRIS,2800,2569.246363653,0.917587987
Indonesia,Soekarno Hatta,MARLBORO,10591400,9225789.43386711,0.8710642062
Great Britain,Newcastle,MARLBORO,801400,691898.264087125,0.8633619467
Egypt,Sharm El Sheikh,MERIT,471185,404509.373209965,0.8584937407
Spain,Gerona,L&M,264600,213819.082723174,0.8080842129
China,Shenyang Taoxian,PARLIAMENT,200200,118191.157757977,0.5903654234
Japan,Tokyo - Haneda,MARLBORO,38167000,32971561.9143786,0.8638761735
Egypt,Aswan,PARLIAMENT,147200,124906.485247025,0.8485494922
France,Paris Charles De Gaulle,PHILIP MORRIS,8810400,7993997.90041182,0.9073365455
Cape Verde,Praia,MARLBORO,2915000,2296267.18167114,0.7877417433
Greece,Corfu,MARLBORO,2665000,2126117.86721839,0.7977928207
Japan,Okayama,MARLBORO,183400,159637.579732811,0.8704339135
Italy,Naples,MERIT,253800,216586.929549023,0.853376397
Italy,Milan - Malpensa,MARLBORO,11793800,9887536.79602066,0.8383673452
Spain,Sevilla,PHILIP MORRIS,13600,12062.041645711,0.8869148269
Kazakhstan,Astana,PARLIAMENT,313600,250637.356279962,0.7992262636
Switzerland,Basel,MURATTI,211200,188723.148378497,0.8935755132
Spain,Santiago De Compostela,MARLBORO,523000,453081.438580663,0.8663125021
China,Zhengzhou Xinzheng,MARLBORO,926000,716272.869727908,0.7735128183
Italy,Venice,MARLBORO,3583600,3063636.89044859,0.8549048137
Saudi Arabia,RIYADH,L&M,4007000,3526536.51527825,0.8800939644
Turkey,Eskisehir Airport,L&M,19200,15970.472832599,0.83179546
Lithuania,Kaunas,MARLBORO,10927000,9569749.78729371,0.8757893097
South Korea,Cheongju,PARLIAMENT,701800,555184.204918102,0.7910860714
Mexico,Los Cabos,PARLIAMENT,82200,69269.334398368,0.8426926326
Russia,Sochi,L&M,117000,74285.710086453,0.634920599
Poland,Olsztyn,CHESTERFIELD,5840,4858.946895993,0.8320114548
Poland,Elblag,MARLBORO,75600,67392.510923419,0.8914353297
Japan,Sendai,LARK,3200,2806.76596885,0.8771143653
Tunisia,Jerba,MERIT,82000,68793.689198885,0.8389474293
France,Nice,L&M,37600,34591.456783339,0.9199855527
Bahrain,Manama,PARLIAMENT,4666200,4146647.07081032,0.8886560951
Italy,Torino,CHESTERFIELD,42200,33558.614238097,0.7952278255
Great Britain,London City,MARLBORO,854600,760524.035881175,0.8899181323
South Korea,Jeju,VIRGINIA SLIMS,6128800,4989709.70356383,0.8141413823
Czech Republic,Ostrava,L&M,42800,39628.074794201,0.925889598
Australia,Sydney,PETER JACKSON,32327,29620.361352693,0.9162731263
Turkey,Samsun Airport,LARK,2000,1665.983314154,0.8329916571
France,Lyon Saint Exupery,PHILIP MORRIS,1341800,1219862.29878163,0.909123788
Vietnam,Haiphong,MARLBORO,268600,222460.88885447,0.8282237113
Spain,Mahon Airport,L&M,367200,296686.866489864,0.8079707693
Guatemala,Guatemala City,MARLBORO,4225600,3461695.53491164,0.8192198824
Turkey,Ankara Airport,EVE,41000,35414.446896907,0.8637669975
Morocco,Agadir,L&M,5671400,4450329.46527947,0.784696806
Germany,Duesseldorf,L&M,1005000,884507.795365225,0.8801072591
Spain,Almeria,CHESTERFIELD,11400,9501.888293659,0.8334989731
Greece,Corfu,MURATTI,7800,5047.128837276,0.6470677997
Germany,Cologne,L&M,527199,469070.746818451,0.889741344
Kazakhstan,Almaty,PARLIAMENT,1235200,1046048.40783186,0.8468656151
Ireland,Dublin,L&M,306400,271722.202451043,0.8868218096
South Africa,Durban,L&M,32800,24347.716564755,0.7423084319
China,Shanghai Hongqiao,PARLIAMENT,545372,340967.279006937,0.625201292
Burundi,Bujumbura,L&M,200,146.041097104,0.7302054855
Germany,Dresden,MARLBORO,220000,197296.032952246,0.8968001498
Qatar,Doha,PHILIP MORRIS,8372160,7622836.06074384,0.9104981344
Italy,Palermo,PHILIP MORRIS,31400,27254.725439869,0.8679848866
Brazil,Porto Alegre,MARLBORO,45400,33429.297918612,0.736328148
Egypt,Luxor,MARLBORO,802101,665771.970394705,0.8300350834
Australia,Melbourne,MARLBORO,265639,248597.551224965,0.9358473388
Curazao,Curacao,MARLBORO,8336840,7432641.90103813,0.8915418673
Egypt,Alexandria,L&M,877708,686685.791814241,0.782362462
Nigeria,Lagos,MARLBORO,782400,618957.149151129,0.7911006508
Colombia,Cali,L&M,53201,44094.13853986,0.8288216112
Germany,Munich,MARLBORO,6204600,5418209.16175918,0.8732568033
Malaysia,Johor Bahru,SAMPOERNA A,120000,57326.72391508,0.4777226993
Germany,Bremen,L&M,31400,28242.40161765,0.899439542
Taiwan,Taichung,PARLIAMENT,338160,239004.575303689,0.7067795579
Panama,Panama Tocumen,MARLBORO,6221000,5048217.47337931,0.8114800632
Brazil,Porto Alegre,L&M,4600,3628.858644639,0.7888823141
Iraq,Erbil International Airport,MARLBORO,10865000,9196399.10696295,0.846424216
Paraguay,Asuncion Silvio Petterossi,MARLBORO,695994,566999.415596917,0.8146613557
United Arab Emirates,Ras El Khaymah,MARLBORO,14472000,12779905.4632372,0.8830780447
Albania,Tirana,L&M,6908600,5378334.57666941,0.7784984768
Russia,Makhachkala,L&M,2400,1981.230842684,0.8255128511
Georgia,Tbilisi,PARLIAMENT,2780200,2339075.71067032,0.8413336129
Italy,Milan - Malpensa,MERIT,384600,322475.390625676,0.8384695544
Dominican Republic,Punta Cana - Higuey,PARLIAMENT,475400,402565.335767825,0.8467928813
Tunisia,Monastir,MERIT,135000,113835.332281272,0.8432246836
Jamaica,Kingston,MARLBORO,693583,585702.411975256,0.8444590078
South Korea,Cheongju,MARLBORO,1094200,879993.414459035,0.8042345224
Indonesia,Ngurah Rai,MARLBORO,14867000,11618910.6791216,0.7815235541
France,Nantes,PHILIP MORRIS,346000,315290.784986406,0.9112450433
Morocco,Essaouira,L&M,333200,265393.959097558,0.7965004775
Panama,Panama Tocumen,CHESTERFIELD,12000,9336.85192368,0.7780709936
Ecuador,Quito,CHESTERFIELD,25000,19877.199622906,0.7950879849
China,Ningbo Lishe,PARLIAMENT,10800,7011.421222231,0.6492056687
Spain,Santiago De Compostela,CHESTERFIELD,111800,93415.546989914,0.8355594543
Italy,Bari,CHESTERFIELD,71000,57370.219927354,0.8080312666
Poland,Bydgoszcz,CHESTERFIELD,152800,127512.580413972,0.8345064163
Turkey,Gaziantep Airport,MARLBORO,1448600,1207349.59876667,0.8334596153
Senegal,Leopold Sedar Senghar,MARLBORO,8565400,6903010.90542008,0.8059181014
Japan,Fukuoka,MARLBORO,7450600,6503217.59283743,0.8728448169
Sweden,Umea,MARLBORO,8000,7044.039092865,0.8805048866
China,Mudanjiang Hailang,MARLBORO,10800,7684.046955462,0.7114858292
Greece,Kos,L&M,460200,317481.707222442,0.6898776776
Italy,Naples,CHESTERFIELD,444800,372190.262898131,0.8367586846
Russia,Samara,MARLBORO,3000,2574.995784778,0.8583319283
Italy,Bergamo,PHILIP MORRIS,33800,26847.853161423,0.7943151823
Dominican Republic,Santiago Cibao,MARLBORO,3524600,2809118.62045532,0.7970035239
United Arab Emirates,Dubai,L&M,12007600,10462585.1501218,0.8713302533
Canary Islands,Tenerife,L&M,10065000,8249530.64875113,0.8196254991
Singapore,Singapore - Changi,L&M,491600,411589.510658805,0.8372447328
Namibia,Katima Mulilo,MARLBORO,250000,149451.581027668,0.5978063241
Tanzania,Zanzibar,MARLBORO,5372000,3889444.23562641,0.7240216373
Macedonia,Ohrid,L&M,91000,64904.35008885,0.7132346164
Russia,Volgograd,BOND STREET,5200,3634.102986149,0.6988659589
Canary Islands,Lanzarote,PHILIP MORRIS,586000,503890.198406738,0.8598808847
Canary Islands,La Palma,PHILIP MORRIS,16200,13882.385468873,0.8569373746
Turkey,Trabzon Airport,LARK,400,317.523867307,0.7938096683
Russia,Moscow - Sheremetyevo,PARLIAMENT,850800,718203.767688908,0.8441511139
France,Beauvais,MARLBORO,603000,543510.271905598,0.9013437345
Vietnam,Hanoi,MARLBORO,10236000,8571466.85185563,0.837384413
France,Nantes,MARLBORO,1114800,1004983.73483058,0.9014924066
Tunisia,Jerba,L&M,1104800,690151.124265206,0.6246842182
Tunisia,Monastir,L&M,1531800,951145.194005466,0.6209330161
Saudi Arabia,Medina,PARLIAMENT,1008000,895970.819597273,0.8888599401
Togo,Togo,L&M,12479,8698.312610631,0.6970360294
Turkey,Izmir Airport,MARLBORO,23142800,19902588.1556466,0.8599905005
Saudi Arabia,Medina,MARLBORO,10598600,9339117.06217586,0.8811651598
Lebanon,Beirut - Rafik Hariri,MARLBORO,61251600,48125456.5829747,0.7857012157
Germany,Cologne,MARLBORO,2144185,1889200.29128722,0.8810808262
South Korea,Seoul,VIRGINIA SLIMS,94800,77583.138715315,0.8183875392
Cape Verde,Praia,L&M,265600,192017.000414341,0.7229555738
Spain,Almeria,MARLBORO,276200,239345.806144737,0.8665670027
Turkey,Izmir Airport,PARLIAMENT,5367600,4555931.11911975,0.8487836499
China,Pengsheng,MARLBORO,3199840,2561021.80870512,0.8003593332
Great Britain,London Heathrow,MARLBORO,17992000,15582030.346793,0.8660532652
Tunisia,Tunis,MERIT,598600,507150.074422415,0.847226987
Japan,Chitose,LARK,66600,58214.752023935,0.8740953757
Greece,Alexandoupolis,L&M,130000,89169.09876241,0.6859161443
China,Fuzhou Changle,PARLIAMENT,17600,8122.362132016,0.4614978484
Morocco,Nador,CHESTERFIELD,71800,55019.069713728,0.766282308
Australia,Melbourne,BOND STREET,17465,15600.600338526,0.8932493752
Belgium,Brussels,L&M,1241800,1120739.34366179,0.9025119533
Spain,Madrid Barajas,PHILIP MORRIS,201600,178986.064085588,0.8878276988
Vietnam,Phu Quok,MARLBORO,1076200,905149.939020724,0.8410610844
Turkey,Antalya Airport,L&M,21615400,18227458.8373038,0.84326262
Turkey,Bodrum Airport,PARLIAMENT,1014800,897175.800537338,0.88409125
Mexico,Puerto Vallarta,L&M,260000,219846.898016274,0.8455649924
Kyrgyzstan,Manas,PARLIAMENT,614000,514040.543202774,0.8371995818
China,Yinchuan Hedong,MARLBORO,109800,79471.592983259,0.7237849998
Czech Republic,Prague,L&M,1316400,1216213.7442174,0.9238937589
Latvia,Riga,MARLBORO,33923200,29115409.0986111,0.8582742518
Maldives,Male,PARLIAMENT,204088,177106.301234695,0.8677938009
Italy,Milan - Linate,L&M,55200,44320.875982576,0.80291442
Tunisia,Tozeur,PHILIP MORRIS,24400,20939.443027378,0.8581738946
Brazil,Brasilia,PARLIAMENT,1000,736.439211613,0.7364392116
Mexico,Cozumel,L&M,4800,4059.365863333,0.8457012215
Caribbean Other,Port-au-Prince (Haiti),PARLIAMENT,3000,2090.66757745,0.6968891925
Italy,Venice,MERIT,64800,55262.647389326,0.8528186326
Turkey,Gaziantep Airport,LARK,2600,2181.691468501,0.8391121033
Turkey,Eskisehir Airport,MARLBORO,241600,201512.736247926,0.8340758951
Ireland,Dublin,MARLBORO,9337800,8191225.77947808,0.8772115251
Australia,Adelaide,MARLBORO,12100,10775.562337005,0.8905423419
China,Changsha Huanghua,MARLBORO,1091340,798221.807606261,0.7314144149
Greece,Corfu,L&M,432000,304780.97222943,0.7055115098
Iraq,Basrah,PARLIAMENT,750000,616643.555476765,0.8221914073
Kazakhstan,Astana,MARLBORO,451800,355425.591430901,0.786687896
Canary Islands,Tenerife,MARLBORO,28868400,24824820.7031002,0.8599306059
Poland,Szczecin,CHESTERFIELD,31120,25866.404081032,0.8311826504
Czech Republic,Ostrava,MARLBORO,151600,137529.348576952,0.9071856766
Caribbean Other,Port-au-Prince (Haiti),L&M,62200,42875.49439147,0.6893166301
Italy,Bologna,CHESTERFIELD,104200,83387.600678084,0.8002648817
Belize,Belize City,L&M,19814,15280.713617433,0.7712079145
Japan,Tokyo - Narita,MARLBORO,60057000,51951686.2412261,0.8650396497
Ecuador,Guayaquil,MARLBORO,4286600,3443591.12035845,0.8033385714
Germany,Berlin Brandenburg,MARLBORO,4725400,4176471.35604923,0.8838344597
China,Wuxi Shuofang,MARLBORO,332200,252759.194142534,0.7608645218
United Arab Emirates,Abu Dhabi,PARLIAMENT,4434400,3915450.03927304,0.882971775
Italy,Torino,MARLBORO,606600,510181.455337851,0.841050866
Tunisia,Tozeur,MARLBORO,294400,248081.399936937,0.8426677987
Italy,Palermo,MARLBORO,881200,757243.032876352,0.8593316306
China,Beijing,MARLBORO,51773600,36366945.6762081,0.7024225798
Ethiopia,Addis Ababa,L&M,1010800,775098.083783203,0.766816466
Italy,Venice,PHILIP MORRIS,47000,40759.432535972,0.8672219689
United Arab Emirates,Sharjah,L&M,1942600,1665181.05849461,0.8571919379
Uzbekistan,Tashkent,MARLBORO,1855200,1560062.6600701,0.8409134649
Egypt,Alexandria,PARLIAMENT,251000,213341.705326622,0.8499669535
Grenada,St. George's Point Saline,CANADIAN CLASSICS,600,600,1
Turkey,Samsun Airport,MARLBORO,1224000,1022412.25639629,0.835304131
Maldives,Male,L&M,1123532,944831.718945123,0.8409477602
Turkey,Adana Airport,L&M,82400,63233.912188971,0.767401847
Dominican Republic,La Romana,MARLBORO,609200,486230.2027824,0.7981454412
Norway,Bergen,L&M,80200,69691.826720035,0.8689753955
New Zealand,Queenstown,MARLBORO,5000,4708.152863614,0.9416305727
Italy,Ciampino Airport,MERIT,33800,28844.779545652,0.8533958445
Austria,Salzburg,MARLBORO,748400,657251.416680319,0.8782087342
France,Marseille,CHESTERFIELD,88000,79563.210902555,0.9041273966
France,Paris Orly,PHILIP MORRIS,8810000,7986232.88173486,0.9064963543
Tanzania,Zanzibar,L&M,800000,622639.593908629,0.7782994924
South Korea,Busan - Kimhae,PARLIAMENT,2459400,1961202.69786435,0.7974313645
Greece,Alexandoupolis,MARLBORO,999400,806631.530954572,0.8071158004
Martinique,Fort-de-France,PHILIP MORRIS,1813200,1663583.49300537,0.9174848296
Poland,Elblag,L&M,560000,484976.37288906,0.8660292373
Norway,Trondheim,L&M,11200,9773.131600808,0.8726010358
Morocco,Tangier,L&M,2172200,1714309.83649465,0.7892044179
South Korea,Jeju,MARLBORO,27031000,21725903.0542831,0.8037402632
India,Cochin,MARLBORO,1877204,1615315.61832208,0.8604901856
Turkey,Eskisehir Airport,PARLIAMENT,89400,74012.432741699,0.8278795609
Turkey,Bodrum Airport,L&M,1861400,1575236.93311509,0.8462646036
Turkey,Ankara Airport,PARLIAMENT,2712200,2303352.50883313,0.8492561422
South Korea,Yangyang,VIRGINIA SLIMS,1200,977.881624795,0.814901354
South Korea,Incheon,VIRGINIA SLIMS,4021400,3277105.81806381,0.8149166504
Bosnia-Herzegovinia,Sarajevo,PARLIAMENT,349741,300403.336195559,0.8589308551
Dominican Republic,Punta Cana - Higuey,CANADIAN CLASSICS,6800,6800,1
United Arab Emirates,Abu Dhabi,MARLBORO,30756800,27185985.1336866,0.8839016131
Singapore,Singapore - Changi,MARLBORO,63003200,53310533.745097,0.846155969
Iraq,Basrah,MARLBORO,9910000,8371359.02447515,0.8447385494
Greece,Heraklion Airport,MARLBORO,2846800,2264998.52914022,0.7956296646
Jamaica,Montego Bay,PARLIAMENT,82800,68306.519858253,0.8249579693
Spain,Bilbao,MARLBORO,677800,587303.978365031,0.8664856571
China,Nanjing Lukou,MARLBORO,1082800,860411.986158147,0.7946176451
Spain,A Coruna,MARLBORO,124600,108041.796897156,0.8671091244
Uganda,Entebbe,L&M,287117,179509.691134827,0.6252144287
Turkey,Konya Airport,MURATTI,1200,896.371950995,0.7469766258
Uzbekistan,Tashkent,L&M,341240,255812.487900361,0.7496556321
Turkey,Trabzon Airport,EVE,4200,3386.3453904,0.806272712
Jordan,Aqaba,MARLBORO,244000,207506.898227201,0.8504381075
Turkey,Diyarbakir Airport,MURATTI,13200,9360.47837959,0.70912715
China,Wuhan Tianhe,MARLBORO,1332500,982792.949592903,0.7375556845
Great Britain,Birmingham,MARLBORO,2720200,2349498.38657637,0.8637226625
Switzerland,Zurich,PHILIP MORRIS,2073000,1861831.59865029,0.8981339116
Switzerland,Zurich,MURATTI,1049800,932799.956978638,0.8885501591
Belgium,Charleroi,L&M,141400,127590.553038979,0.902337716
Mayotte,Pamandzi,MARLBORO,6843617,5871923.67423235,0.8580146543
Canary Islands,Lanzarote,L&M,3689600,3023664.78639212,0.8195101871
Azerbaijan,Baku,PARLIAMENT,6154000,4895789.72677861,0.795545942
Turkey,Kayseri Airport,PARLIAMENT,925400,781566.935573754,0.8445720073
France,Grenoble,MARLBORO,153600,139008.237379129,0.9050015454
Argentina,Buenos Aires Aeroparque,PHILIP MORRIS,224800,176094.727163808,0.7833395336
Turkey,Samsun Airport,MURATTI,9000,7334.728257307,0.8149698064
Spain,Reus,PHILIP MORRIS,400,356.522785726,0.8913069643
Turkey,Istanbul Airport,MARLBORO,132885200,112175068.944119,0.8441502059
Italy,Genoa,CHESTERFIELD,24000,20890.020458689,0.8704175191
Bangladesh,Zia,MARLBORO,1924481,1659023.3184606,0.8620627164
Egypt,Sharm El Sheikh,MARLBORO,7408970,6200370.15801515,0.8368734329
Iraq,Baghdad,MARLBORO,36910000,31207941.6109814,0.8455145384
Brazil,Viracopos,L&M,28800,22893.618605128,0.7949173127
Great Britain,Glasgow,MARLBORO,1219800,1052056.99605852,0.8624831907
Poland,Poznan-Lawica,CHESTERFIELD,462800,384406.239321273,0.8306098516
Dominican Republic,Puerto Plata,L&M,151600,125622.92744903,0.8286472787
Netherlands,Eindhoven,L&M,47000,43066.139114432,0.9163008322
Martinique,Fort-de-France,MARLBORO,4625400,4164478.36712213,0.900349887
Ireland,Shannon,L&M,34917,31084.445960253,0.8902381637
Turkey,Kayseri Airport,MARLBORO,2310800,2000676.2450842,0.8657937706
Bulgaria,Bourgas,MARLBORO,1137400,921283.204779293,0.8099905089
Greece,Aktio,L&M,64000,43394.87744499,0.6780449601
Ireland,Cork,MARLBORO,1011200,886701.811514073,0.8768807471
South Africa,Johannesburg,L&M,1108800,817650.596772532,0.7374193694
Kuwait,Kuwait,PHILIP MORRIS,29376400,25797014.5012323,0.8781543859
Mexico,Mexico City,CHESTERFIELD,181600,127745.584846576,0.7034448505
Turkey,Konya Airport,LARK,600,478.554423355,0.7975907056
Turkey,Antalya Gazipasa Airport,PARLIAMENT,159800,138927.683869023,0.8693847551
China,Shenyang Taoxian,MARLBORO,1705200,1187868.89311535,0.6966155836
Italy,Milan - Malpensa,PHILIP MORRIS,310200,246157.929200722,0.7935458711
Colombia,Cali,MARLBORO,2837605,2303644.03045623,0.8118268859
Switzerland,Basel,MARLBORO,13962400,12172265.6285815,0.8717889209
Russia,Makhachkala,MARLBORO,10000,8328.873881837,0.8328873882
South Korea,Daegu,PARLIAMENT,1185000,965024.863093303,0.8143669731
Brazil,Rio de Janeiro,CHESTERFIELD,54600,42399.544991352,0.7765484431
Lebanon,Beirut - Rafik Hariri,L&M,878800,588969.944327903,0.6701979339
Azerbaijan,Baku,L&M,429200,321854.456949165,0.7498938885
Sweden,Malmo,L&M,5000,4353.493044685,0.8706986089
Turkey,Antalya Airport,MARLBORO,80654400,69676508.9674311,0.863889744
China,Harbin Taiping,MARLBORO,5000,2244.403893039,0.4488807786
Oman,Salalah,PARLIAMENT,925200,823193.648303267,0.8897467016
Myanmar,Yangon,MARLBORO,231840,199175.576155051,0.8591079027
Great Britain,Glasgow Prestwick,MARLBORO,33400,28966.015931974,0.867245986
Canary Islands,Gran Canaria,CHESTERFIELD,6972000,5694521.49700004,0.8167701516
Australia,Adelaide,BOND STREET,900,795.266368356,0.8836292982
Colombia,Medellin Jose Maria Cordova,L&M,53201,44094.124641474,0.82882135
Switzerland,Zurich,CHESTERFIELD,1902400,1602284.81086654,0.8422439082
Turkey,Gaziantep Airport,EVE,5200,4387.102857528,0.8436736264
Poland,Poznan-Lawica,MARLBORO,5285000,4710553.62748236,0.8913062682
France,Bordeaux,CHESTERFIELD,72200,65249.580032404,0.9037337955
Denmark,Aalborg,MARLBORO,138703,124956.798592086,0.9008947073
Grenada,St. George's Point Saline,L&M,27000,22552.107864905,0.8352632543
Martinique,Fort-de-France,L&M,11400,10320.524593646,0.9053091749
Greece,Chania,L&M,258800,175295.694728896,0.6773403969
Spain,Valencia,CHESTERFIELD,48200,40170.108695546,0.8334047447
Turkey,Cukurova Airport,EVE,3600,3168.637286118,0.8801770239
Spain,Barcelona,PHILIP MORRIS,192600,170747.305819021,0.8865384518
Guadalupe,Pointe-a-Pitre,PHILIP MORRIS,1992200,1827565.60910658,0.9173605105
Germany,Paderborn,MARLBORO,166100,149324.164537337,0.8990015926
Canary Islands,Fuerteventura,L&M,3602200,2951448.74250088,0.8193461614
Russia,Samara,PARLIAMENT,3600,3037.256523035,0.8436823675
Brazil,Sao Paulo - Guarulhos,CHESTERFIELD,73000,56721.469562965,0.7770064324
Costa Rica,Liberia,CHESTERFIELD,42200,34024.755106025,0.8062738177
France,Bordeaux,MARLBORO,996200,898471.32504435,0.9018985395
Tunisia,Monastir,MARLBORO,34391800,28835275.5560491,0.838434614
Turkey,Izmir Airport,L&M,5890200,4777445.47864098,0.8110837457
Dominican Republic,Santo Domingo Las Americas,L&M,147400,120823.175066513,0.819695896
Norway,Stavanger,MARLBORO,3582800,3174549.66027059,0.886052713
Great Britain,East Midlands,MARLBORO,746000,641278.620405597,0.8596228156
Poland,Olsztyn,MARLBORO,696100,613045.461711361,0.8806859097
Aruba,Oranjestad,L&M,206600,170181.363912272,0.8237239299
Ireland,Shannon,MARLBORO,1431082,1255196.24959299,0.8770959663
Jordan,Amman,L&M,4880000,3843425.64058274,0.7875872214
Italy,Florence,CHESTERFIELD,48800,38819.174864145,0.7954748948
Australia,Brisbane,BOND STREET,17465,15600.600338526,0.8932493752
China,Guangzhou Baiyun,PARLIAMENT,1337000,821775.43515486,0.6146413128
Greece,Mitilini,MARLBORO,81000,64163.984127039,0.7921479522
Philippines,Manila - Ninoy Aquino,MARLBORO,2539200,1910436.70382604,0.7523774038
Jamaica,Montego Bay,CHESTERFIELD,36200,28505.2850238,0.7874388128
France,Montpellier,CHESTERFIELD,68200,60565.017332085,0.8880501075
Russia,Krasnoyarsk,L&M,13800,11066.008107878,0.8018846455
Turkey,Samsun Airport,L&M,315200,260763.279917057,0.8272946698
Switzerland,Basel,PHILIP MORRIS,500000,451593.042689168,0.9031860854
Sri Lanka,Colombo,L&M,1545735,1260655.80934816,0.8155704628
Argentina,Buenos Aires Aeroparque,MARLBORO,2104000,1590154.81409923,0.7557770029
Germany,Dortmund,L&M,73200,64413.756623975,0.8799693528
France,Nice,MARLBORO,3608400,3252382.91315647,0.9013365794
France,Tarbes - Lourdes,CHESTERFIELD,5200,4698.605441189,0.9035779695
Bosnia-Herzegovinia,Banja Luka,L&M,92680,70546.297642827,0.7611814592
Qatar,Doha,MARLBORO,141423400,125673009.762146,0.888629532
Poland,Bydgoszcz,L&M,3219400,2751686.84707747,0.8547203973
Germany,Hannover,MARLBORO,1168200,1031572.63016045,0.8830445387
Turkey,Cukurova Airport,L&M,93400,78810.567332762,0.8437962241
Spain,Reus,MARLBORO,661800,573369.04033665,0.8663781208
Tunisia,Tunis,MARLBORO,49011600,41194365.5524461,0.8405023617
Saudi Arabia,Jeddah,L&M,7591000,6630464.84743855,0.8734639504
Bosnia-Herzegovinia,Banja Luka,MARLBORO,1544540,1338515.19607298,0.8666108978
Brazil,Recife,L&M,25800,20775.034870064,0.8052339097
Morocco,Ouarzazate,L&M,86200,69037.582071676,0.800900024
Greece,Heraklion Airport,L&M,577200,381504.063712388,0.6609564513
China,Wuhan Tianhe,PARLIAMENT,20000,13124.876127257,0.6562438064
Japan,Ibaraki,PARLIAMENT,3200,2736.113147611,0.8550353586
Israel,Tel-Aviv,L&M,24934200,21148070.2778267,0.8481551555
Italy,Bari,MARLBORO,722000,607212.663495422,0.8410147694
Australia,Melbourne,PETER JACKSON,48991,44347.808464087,0.9052235811
India,Bangalore,PARLIAMENT,38600,33243.511303133,0.8612308628
Great Britain,Humberside,MARLBORO,51600,44763.115447658,0.8675022374
Turkey,Dalaman Airport,MARLBORO,9871800,8711667.1425044,0.8824801093
Russia,Krasnoyarsk,PARLIAMENT,344600,286550.658757177,0.8315457306
Tunisia,Sfax,MARLBORO,1769400,1472605.65609199,0.8322627196
Dominican Republic,La Romana,L&M,83600,68516.128624382,0.8195709166
Australia,Sydney,MARLBORO,195674,183129.700576962,0.9358918435
Canary Islands,Gran Canaria,PHILIP MORRIS,392200,336961.522548634,0.8591573752
Brazil,Belo Horizonte,PARLIAMENT,1800,1327.923194992,0.7377351083
Aruba,Oranjestad,PARLIAMENT,329600,271589.548657552,0.823997417
Turkey,Diyarbakir Airport,LARK,200,147.412200485,0.7370610024
Mexico,Ixtapa Zihuatanejo,L&M,800,681.322479986,0.8516531
Sweden,Malmo,MARLBORO,87200,76320.81171799,0.8752386665
Colombia,Bogota,MARLBORO,12664798,10042272.2081751,0.7929279415
Greece,Chania,MARLBORO,1775000,1427017.27168727,0.8039533925
Italy,Pisa,CHESTERFIELD,173400,140092.578171228,0.8079156757
Russia,Makhachkala,PARLIAMENT,65600,54521.315886213,0.8311176202
Brazil,Recife,PARLIAMENT,1000,736.057632179,0.7360576322
Greece,Zakynthos,L&M,302000,204996.949078698,0.6787978446
France,Beauvais,PHILIP MORRIS,207800,189442.59059914,0.9116582801
China,Kunming Wujiaba,PARLIAMENT,70800,35219.493463757,0.4974504727
Denmark,Billund,L&M,139448,127223.477640186,0.9123363378
Jamaica,Montego Bay,MARLBORO,5178402,4242332.52565566,0.8192358426
Morocco,Oujda,MARLBORO,13334800,11011825.9213749,0.8257961065
India,Hyderabad,L&M,503726,425726.149526437,0.8451542099
Morocco,Marrakech,MARLBORO,104798800,86065840.2388771,0.8212483372
Reunion,Roland Garros,MARLBORO,18790000,16353085.6215121,0.8703079096
Zambia,Lusaka,L&M,20000,15658.748547846,0.7829374274
Spain,Asturias,MARLBORO,108000,93561.271407095,0.8663080686
France,Marseille,L&M,8600,7914.29327947,0.9202666604
New Zealand,Auckland,MARLBORO,264000,249080.832583824,0.9434880022
Turkey,Istanbul Airport,MURATTI,537400,427989.9690906,0.7964085766
Italy,Bergamo,CHESTERFIELD,205000,165212.777409347,0.8059159874
Morocco,Fes,MERIT,400,329.807409817,0.8245185245
Italy,Rome Fiumicino,MERIT,361800,308712.363900513,0.8532680041
Great Britain,Liverpool,MARLBORO,1394800,1198344.0813937,0.8591511911
China,Urumchi Diwobao,MARLBORO,2005200,1388139.41445947,0.6922698057
Morocco,Fes,L&M,1902800,1508579.55997362,0.7928208745
South Africa,Cape Town,MARLBORO,6120200,4919107.39346152,0.8037494516
Poland,Wroclaw,CHESTERFIELD,469600,391761.75209893,0.8342456391
Jordan,Marka,PARLIAMENT,1200,988.373024935,0.8236441874
Sweden,Stockholm Arlanda,MARLBORO,4895800,4285064.19522992,0.8752531139
United Arab Emirates,Ras El Khaymah,PHILIP MORRIS,81600,74145.197912693,0.9086421313
Tunisia,Jerba,PHILIP MORRIS,1406400,1192464.49597377,0.8478843117
Colombia,Medellin Jose Maria Cordova,MARLBORO,2173805,1765534.88167181,0.8121864112
Morocco,Tangier,MARLBORO,19491800,16169361.897752,0.8295468811
Saudi Arabia,DAMMAM,PARLIAMENT,2094000,1860230.84958296,0.8883623924
China,Xuzhou Guanyin,MARLBORO,14000,10675.659975871,0.7625471411
Tunisia,Monastir,PHILIP MORRIS,1299800,1110816.35741684,0.8546055989
Turkey,Istanbul Asia Airport,PARLIAMENT,18311200,15294953.1698685,0.835278582
Japan,Tokyo - Haneda,PARLIAMENT,2039400,1740696.4640117,0.8535336197
China,Ningbo Lishe,MARLBORO,183200,139168.915077276,0.75965565
Brazil,Viracopos,CHESTERFIELD,8000,6201.618899301,0.7752023624
Russia,Astrakhan,PARLIAMENT,123200,102710.897211527,0.8336923475
Great Britain,London Stansted,MARLBORO,6086800,5251092.42771325,0.862701654
Mexico,Puerto Vallarta,MARLBORO,5212600,4352341.12420176,0.8349654921
Ethiopia,Addis Ababa,MARLBORO,35288200,28321517.4147845,0.8025775589
China,Hangzhou Xiaoshan,MARLBORO,6893400,5104219.38116442,0.740450196
China,Hohhot Baita,MARLBORO,154400,109324.047100978,0.7080572999
Turkey,Konya Airport,L&M,49800,38725.174785721,0.7776139515
Jordan,Marka,MARLBORO,4000,3398.853333087,0.8497133333
Lebanon,Beirut - Rafik Hariri,PARLIAMENT,5248400,4150197.24179446,0.7907547523
Greece,Kavala,L&M,53200,35684.265570408,0.6707568716
China,Sanya Fenghuang,PARLIAMENT,21660,11791.858169289,0.5444071177
United Arab Emirates,Sharjah,MARLBORO,33056000,28900507.6444285,0.8742893164
Germany,Berlin Brandenburg,L&M,741000,655487.924475765,0.8845990884
Jamaica,Montego Bay,L&M,601600,495372.355428213,0.8234247929
Turkey,Kutahya Airport,MARLBORO,62200,53809.700066979,0.8651077181
Turkey,Trabzon Airport,PARLIAMENT,766600,599266.386764296,0.7817197845
Egypt,Marsa Aalam,PARLIAMENT,486800,413123.139015666,0.8486506553
Russia,Ekaterinburg,L&M,7400,4788.05509625,0.6470344725
Japan,Tokyo - Narita,PARLIAMENT,3410600,2910793.36842758,0.8534549254
Oman,Salalah,PHILIP MORRIS,600200,546296.361700147,0.9101905393
Spain,Mahon Airport,CHESTERFIELD,23600,19694.941702396,0.8345314281
China,Shanghai Hongqiao,MARLBORO,7156325,5230928.95438961,0.7309518439
Kenya,Jomo Kenyatta,MARLBORO,6956133,5514497.63365796,0.7927533349
Cambodia,Sihanoukville,MARLBORO,20400,16382.325902778,0.8030551913
Suriname,Paramaribo,MARLBORO,3799283,3268047.73634282,0.8601748636
Spain,Bilbao,L&M,82600,71987.764568133,0.8715225735
Egypt,Hurgada,MERIT,1190722,1020411.48844911,0.8569687034
Egypt,Sharm El Sheikh,PARLIAMENT,919600,783716.915077286,0.8522367498
Netherlands,Rotterdam,L&M,24400,22363.72023504,0.9165459113
Italy,Rome Fiumicino,PHILIP MORRIS,208800,181175.104682509,0.8676968615
Spain,Barcelona,L&M,1335000,1073626.92482692,0.804214925
Spain,Gerona,PHILIP MORRIS,5800,5151.028261351,0.8881083209
Armenia,Yerevan,PARLIAMENT,4600,3689.596163605,0.8020861225
Denmark,Billund,MARLBORO,1349909,1207846.9066966,0.8947617259
Mexico,Ixtapa Zihuatanejo,PARLIAMENT,2200,1846.833100369,0.8394695911
Turkey,Denizli Cardak Airport,PARLIAMENT,6600,5077.315332477,0.7692902019
Japan,Hiroshima,PARLIAMENT,33400,28587.38348212,0.8559096851
Italy,Venice,L&M,332400,290093.777873905,0.8727249635
Bahrain,Manama,PHILIP MORRIS,689000,627370.46764288,0.9105522027
Turkey,Diyarbakir Airport,ASSOS,2400,1658.873657596,0.6911973573
Italy,Palermo,MERIT,68400,58466.342709668,0.8547710922
Italy,Milan - Linate,MARLBORO,1105600,928669.316411473,0.8399686292
Germany,Munster-Osnabruck,L&M,425454,379344.784641699,0.8916235002
Canary Islands,Tenerife,CHESTERFIELD,9622400,7859723.17739841,0.816815262
United Arab Emirates,Ras El Khaymah,PARLIAMENT,304800,269699.793503656,0.8848418422
Russia,St. Petersburg Pulkovo,L&M,107800,68517.268633253,0.635596184
Japan,Ibaraki,MARLBORO,16000,13826.896272081,0.864181017
Spain,Ibiza,L&M,602600,486906.030578013,0.80800868
Poland,Krakow Balice,L&M,19488040,16588482.703529,0.8512134983
Bangladesh,Zia,PARLIAMENT,31245,27077.386382681,0.8666150226
Mongolia,Ulaanbaatar,MARLBORO,99800,84520.612103042,0.8468999209
Poland,Radom,MARLBORO,14400,12919.802782124,0.8972085265
Poland,Warsaw-Modlin,MARLBORO,4351200,3857921.46957126,0.8866339101
Greece,Kavala,MARLBORO,92400,74640.054660719,0.8077927994
Turkey,Diyarbakir Airport,MARLBORO,767600,592825.00644381,0.7723098052
Poland,Poznan-Lawica,L&M,6459800,5548046.39983074,0.8588573021
Chile,Santiago Arturo Merino Benitez,CHESTERFIELD,20000,14697.270982152,0.7348635491
Saudi Arabia,DAMMAM,L&M,1358400,1195730.89739839,0.8802494828
Spain,Barcelona,MARLBORO,11864800,10255686.7684302,0.8643792368
South Korea,Seoul,LARK,800,663.987898694,0.8299848734
Reunion,Roland Garros,CHESTERFIELD,1491000,1263203.32666022,0.8472188643
Serbia,Nis,L&M,107200,86603.511956019,0.8078685817
Norway,Bergen,MARLBORO,2204600,1951420.96599413,0.8851587435
Turkey,Trabzon Airport,MARLBORO,2507400,1983164.27022963,0.7909245714
Poland,Lublin,L&M,3576860,3055305.13405566,0.8541863909
Spain,Madrid Barajas,CHESTERFIELD,712200,593710.596748017,0.8336290322
China,Changsha Huanghua,PARLIAMENT,110000,71313.709776683,0.6483064525
Poland,Szczecin,MARLBORO,2227420,1971048.08667108,0.8849018536
Egypt,Asyut,L&M,292841,223999.183621284,0.7649174249
Bosnia-Herzegovinia,Tuzla,L&M,185400,141581.95276041,0.7636567031
Turkey,Eskisehir Airport,LARK,400,335.877220391,0.839693051
Uruguay,Punta del Este,MARLBORO,1600,1329.343357566,0.8308395985
Egypt,Alexandria,MERIT,185726,160200.606900884,0.8625642446
Barbados,Bridgetown,MARLBORO,3417471,2877498.15718665,0.8419963643
Poland,Szczecin,L&M,2109460,1794949.82699249,0.8509048889
Italy,Treviso,MARLBORO,220800,189407.944186017,0.8578258342
Turkey,Gaziantep Airport,MURATTI,26000,21138.06931154,0.8130026658
Angola,Luanda,L&M,210000,165692.028985507,0.7890096618
Germany,Duesseldorf,MARLBORO,4554600,4022313.67337155,0.8831321463
Switzerland,Geneva,PHILIP MORRIS,929000,839753.88704421,0.90393314
Czech Republic,Brno,MARLBORO,590000,546151.583321374,0.9256806497
Taiwan,Kaohsiung,MARLBORO,4606838,3428403.27231963,0.7441987915
Turkey,Cukurova Airport,PARLIAMENT,223200,190942.031519401,0.8554750516
Saint Marteen (NL),St. Maarten Princess Juliana,MARLBORO,3300956,2793921.3631506,0.8463976385
Brazil,Brasilia,MARLBORO,157000,114461.494670181,0.7290541062
Spain,Valencia,PHILIP MORRIS,18200,16181.022683239,0.8890671804
Mexico,Puerto Vallarta,PARLIAMENT,174800,147410.29389391,0.8433083175
Switzerland,Geneva,MURATTI,81600,72953.28863174,0.8940353999
Morocco,Marrakech,L&M,9407400,7348997.16844464,0.7811932275
Bahrain,Manama,MARLBORO,30406600,27067668.4680444,0.8901905661
Brazil,Florianopolis,MARLBORO,328000,245012.451454961,0.7469891813
Burundi,Bujumbura,MARLBORO,112200,85233.2162741,0.759654334
Turkey,Ankara Airport,MURATTI,55400,44717.360016152,0.8071725635
France,Tarbes - Lourdes,MARLBORO,67200,61001.507760231,0.9077605321
Italy,Rome Fiumicino,MURATTI,84200,73638.106920686,0.8745618399
Greece,Corfu,ASSOS,20400,10990.264841878,0.5387384726
Brazil,Salvador,L&M,31200,25082.615872015,0.8039299959
Portugal,Lisbon,MARLBORO,10360800,9142021.20530772,0.8823663429
Italy,Pisa,L&M,220800,177286.053740784,0.802925968
Italy,Pisa,MERIT,52400,44102.958637515,0.841659516
Canary Islands,Tenerife,PHILIP MORRIS,1505200,1293831.16791842,0.8595742545
Egypt,Aswan,MARLBORO,1421036,1184651.83067051,0.8336536377
Tunisia,Enfidha,MARLBORO,10893600,9139253.64810942,0.8389562356
China,Chongqing Jiangbei,MARLBORO,1131400,798560.056073356,0.705815853
Japan,Chitose,PARLIAMENT,253200,215089.157545438,0.8494832447
Brazil,Brasilia,L&M,12400,10067.629708324,0.8119056216
Kuwait,Kuwait,L&M,36002800,27190839.9146163,0.7552423677
Gibraltar,Gibraltar,MARLBORO,2641192,2281542.61560225,0.8638306551
Austria,Graz,CHESTERFIELD,39000,32375.454371486,0.8301398557
Japan,Tokyo - Narita,LARK,1350000,1189889.95914607,0.8813999697
Japan,Komatsu,MARLBORO,85400,74148.238006842,0.8682463467
Turkey,Kayseri Airport,L&M,411200,346704.083617571,0.8431519543
Sweden,Vaxjo,MARLBORO,11000,9710.741385478,0.8827946714
Jordan,Aqaba,L&M,25200,19867.636758189,0.7883982841
Morocco,Marrakech,PHILIP MORRIS,12959200,10974915.6891346,0.846882191
Great Britain,Manchester,MARLBORO,7579000,6523621.52502314,0.8607496405
Russia,Moscow - Sheremetyevo,MARLBORO,1500200,1278967.64329416,0.8525314247
Spain,Mahon Airport,MARLBORO,1230000,1065318.37993441,0.866112504
Suriname,Paramaribo,L&M,371711,312773.219435571,0.8414419251
Sierra Leone,Sierra Leone,L&M,980000,689620.555977939,0.7036944449
China,Urumchi Diwobao,PARLIAMENT,698800,445211.943700898,0.6371092497
Turkey,Diyarbakir Airport,ASSOS PREMIUM,3200,2373.622120097,0.7417569125
Spain,Murcia,MARLBORO,1130600,980081.83365923,0.866868772
India,Indira Gandhi,PARLIAMENT,479913,415115.559489661,0.8649808601
Japan,Takamatsu,MARLBORO,109200,94877.524718086,0.8688418014
Morocco,Oujda,L&M,810400,640920.908383077,0.7908698277
Rwanda,Kigali,MARLBORO,490000,376842.865437888,0.7690670723
Montenegro,Podgorica,MARLBORO,4740000,4102160.19232546,0.8654346397
France,Lille,PHILIP MORRIS,35400,32354.439097682,0.9139672061
Mexico,Cancun,PARLIAMENT,928000,778414.904448785,0.8388091643
France,Bordeaux,PHILIP MORRIS,219200,200153.022662007,0.9131068552
Turkey,Cukurova Airport,MARLBORO,655800,568867.912207243,0.8674411592
Macedonia,Ohrid,MARLBORO,519200,442394.219904116,0.8520689906
Mexico,Monterrey,PARLIAMENT,7000,5503.692761355,0.7862418231
France,Paris Orly,L&M,112800,103666.637356936,0.919030473
Cameroon,Douala,MARLBORO,595200,485640.888072123,0.8159289114
Colombia,Bogota,CHESTERFIELD,93000,68195.393523578,0.7332838013
Peru,Lima,CHESTERFIELD,64000,51103.215614414,0.798487744
United Arab Emirates,Dubai,PARLIAMENT,40086200,35138567.067691,0.8765751572
Hong Kong,Hong Kong,MARLBORO,83231540,62137445.3729734,0.746561284
Turkey,Diyarbakir Airport,L&M,96400,72974.791906406,0.756999916
El Salvador,San Salvador Comalapa,L&M,83600,64244.380619147,0.7684734524
Turkey,Adana Airport,PARLIAMENT,218200,164676.062346808,0.7547023939
Portugal,Faro Airport,MARLBORO,6947400,6139489.01338982,0.8837103108
Spain,Mahon Airport,PHILIP MORRIS,10400,9238.271588939,0.8882953451
Russia,St. Petersburg Pulkovo,PARLIAMENT,35000,27624.69673138,0.7892770495
Norway,Oslo,L&M,324500,281821.518223115,0.8684792549
China,Xuzhou Guanyin,PARLIAMENT,400,260.585645029,0.6514641126
Switzerland,Basel,CHESTERFIELD,355800,305692.971019731,0.8591708011
Brazil,Recife,CHESTERFIELD,2200,1698.504968408,0.7720477129
Kuwait,Kuwait,MARLBORO,125593000,104251313.055911,0.8300726398
Greece,Athens,MARLBORO,11871800,9250166.77045381,0.7791713784
Morocco,Marrakech,CHESTERFIELD,1872600,1434590.2954169,0.7660954264
Taiwan,Taipei - Taoyuan,L&M,1233980,251902.282480637,0.2041380594
Russia,Moscow - Vnukovo,L&M,114200,73048.646815432,0.6396554012
Poland,Gdansk,CHESTERFIELD,839520,697822.484141824,0.8312160331
Italy,Bologna,MARLBORO,1543800,1304961.82238503,0.8452920212
Netherlands,Amsterdam - Schiphol,L&M,1045200,956473.052386213,0.9151100769
Switzerland,Geneva,MARLBORO,15817800,13785921.3050316,0.871544798
Greece,Thessaloniki,MARLBORO,2028600,1593878.33010305,0.7857036035
Portugal,Madeira,MARLBORO,2497000,2209982.81312994,0.8850551915
Canary Islands,Gran Canaria,L&M,7673600,6281510.59006751,0.8185871807
South Korea,Jeju,PARLIAMENT,14394600,11307057.1293105,0.7855068657
Netherlands,Rotterdam,MARLBORO,264000,242006.172030273,0.9166900456
Chile,Santiago Arturo Merino Benitez,MARLBORO,4001400,3258074.78057905,0.8142337133
Poland,Rzeszow,L&M,4326400,3680956.04397698,0.8508126951
Morocco,Agadir,CHESTERFIELD,469600,361326.180948953,0.7694339458
South Korea,Jeju,LARK,5000,4147.682868156,0.8295365736
Australia,Melbourne,LONGBEACH,67506,60762.938491065,0.9001116714
Philippines,Kalibo,MARLBORO,45400,34193.615761803,0.7531633428
Ivory Coast,Abidjan,L&M,30600,15599.170363993,0.5097768093
Turkey,Antalya Airport,EVE,167600,146566.880231054,0.8745040587
China,Shanghai Pudong,MARLBORO,71490637,53858773.0599436,0.7533682076
Turkey,Antalya Airport,MURATTI,117600,96201.349824913,0.818038689
Morocco,Essaouira,MARLBORO,3532600,2955822.61413855,0.8367272304
Turkey,Antalya Gazipasa Airport,MARLBORO,1729000,1528812.26347198,0.8842176191
Brazil,Fortaleza,MARLBORO,1777400,1302694.06546257,0.7329211576
China,Fuzhou Changle,MARLBORO,117400,79131.039430009,0.6740292967
Greece,Samos,MARLBORO,16800,13487.954317794,0.8028544237
Poland,Warsaw-Modlin,L&M,5386040,4603771.09808944,0.854759916
Taiwan,Taipei - Taoyuan,PARLIAMENT,18799252,13144616.3645589,0.6992095411
Austria,Vienna,CHESTERFIELD,878400,728505.785228044,0.8293554021
France,Montpellier,MARLBORO,2123200,1900243.45834434,0.8949903251
Martinique,Fort-de-France,CHESTERFIELD,133000,118729.195142158,0.8927007154
Egypt,Asyut,MERIT,94297,80758.749710083,0.8564296819
Egypt,Marsa Aalam,MERIT,362444,311159.760049208,0.858504376
El Salvador,San Salvador Comalapa,PARLIAMENT,22400,16451.377018764,0.7344364741
Greece,Santorini,L&M,178200,121315.42603511,0.6807824132
Sri Lanka,Colombo,MARLBORO,9756419,8332735.94944235,0.8540772951
Bahrain,Manama,L&M,2904600,2582827.97265475,0.8892198487
Cambodia,Phnom Penh,MARLBORO,2187000,1766366.25327735,0.8076663252
Great Britain,London Gatwick,MARLBORO,11327600,9798291.25302867,0.8649926951
Spain,Alicante,CHESTERFIELD,208000,173391.213560355,0.8336116037
Czech Republic,Prague,MARLBORO,7188400,6553815.86257859,0.9117210871
Japan,Sendai,MARLBORO,218200,189954.525401022,0.8705523621
China,Jinan Xiaoqiang,MARLBORO,331580,244608.526095563,0.7377059114
Argentina,Rosario,MARLBORO,44800,34106.243913978,0.7613000874
China,Xian Xianyang,MARLBORO,1788272,1271686.71216477,0.7111259988
Georgia,Tbilisi,MARLBORO,5283400,4428334.0780217,0.8381599118
Norway,Stavanger,PETTEROE'S,361100,328105.078201625,0.9086266358
Morocco,Casablanca,CHESTERFIELD,564200,432871.616603065,0.7672307987
Mexico,Guadalajara,CANADIAN CLASSICS,1400,1400,1
Egypt,Sharm El Sheikh,L&M,2483396,1963047.40735538,0.7904689415
Uruguay,Montevideo,MARLBORO,507000,422568.701719746,0.8334688397
Tunisia,Enfidha,MERIT,43000,36585.631371249,0.8508286365
China,Zhengzhou Xinzheng,PARLIAMENT,48200,32967.616862769,0.6839754536
Greece,Athens,MURATTI,33200,19809.251307739,0.596664196
Italy,Florence,L&M,40600,32604.781558855,0.8030734374
South Africa,Durban,MARLBORO,255200,204108.916298266,0.7997998288
Malaysia,Kota Kinabalu,MARLBORO,1104800,929411.760347837,0.8412488779
China,Hefei Xinqiao,MARLBORO,455400,336023.422521654,0.7378643446
China,Yantai Penglai,PARLIAMENT,72000,46601.630833029,0.6472448727
Japan,Miyazaki,MARLBORO,16400,14154.119077043,0.8630560413
Japan,Hiroshima,LARK,23200,20389.306987267,0.8788494391
Austria,Salzburg,CHESTERFIELD,69200,57352.955860532,0.8287999402
Namibia,Windhoek,MARLBORO,834800,591544.99044264,0.7086068405
Kazakhstan,Astana,L&M,161400,101206.458931265,0.6270536489
Morocco,Tangier,CHESTERFIELD,355600,274319.823787902,0.7714280759
Italy,Genoa,MARLBORO,318000,267517.570134337,0.8412502205
Malaysia,Kuala Lumpur,SAMPOERNA A,1632600,523095.11580407,0.3204061716
Gibraltar,Gibraltar,CHESTERFIELD,77991,63354.152650977,0.8123264563
Italy,Milan - Malpensa,MURATTI,140600,121000.192257791,0.860598807
Russia,Moscow - Vnukovo,PARLIAMENT,79000,62185.324521459,0.7871560066
Turkey,Konya Airport,MARLBORO,252600,201687.400332326,0.7984457654
Norway,Trondheim,PETTEROE'S,203500,184427.919409162,0.9062797023
Poland,Lublin,MARLBORO,3525920,3118602.89525032,0.8844791984
French Guyana,Cayenne,MARLBORO,2472800,2156072.13733544,0.8719152933
Finland,Helsinki-Vantaa,L&M,528200,479675.037023737,0.9081314597
France,Strasbourg,MARLBORO,99400,89864.03828749,0.9040647715
Mexico,Guadalajara,PARLIAMENT,14400,11339.599975169,0.7874722205
Italy,Venice,CHESTERFIELD,229200,191749.244025563,0.8366022863
Finland,Helsinki-Vantaa,MARLBORO,770600,706550.04857117,0.9168830114
South Korea,Muan,VIRGINIA SLIMS,31600,25733.088772047,0.8143382523
Panama,Panama Tocumen,PARLIAMENT,54600,41749.683032485,0.7646462094
Morocco,Oujda,PHILIP MORRIS,1984600,1693754.36486557,0.8534487377
India,Indira Gandhi,MARLBORO,32748671,28028014.005694,0.8558519522
"Congo, Rep. Dem.",Kinshasa,MARLBORO,2100000,1752288.23285341,0.834422968
Greece,Zakynthos,MARLBORO,1286400,1032875.80817257,0.802919627
Denmark,Faroe Islands,MARLBORO,200000,181300.9109576,0.9065045548
Taiwan,Taichung,MARLBORO,1005680,743977.821958243,0.7397758949
Bulgaria,Sofia,MARLBORO,10706600,7610884.57522571,0.71085915
Australia,Brisbane,MARLBORO,237439,222177.094233241,0.9357228351
Japan,Chubu,MARLBORO,7423000,6393838.24573978,0.8613550109
India,Hyderabad,MARLBORO,6000292,5150969.97058033,0.858453217
United Arab Emirates,Abu Dhabi,L&M,2476400,2182464.63050739,0.8813053749
Netherlands,Amsterdam - Schiphol,MARLBORO,13132200,11945616.1280983,0.9096431769
Greece,Rhodes,L&M,1375000,902699.261424456,0.6565085538
Brazil,Rio de Janeiro,L&M,358600,286776.542951471,0.7997114974
China,Nanning Wuxu,MARLBORO,1825500,1409963.16845544,0.7723709496
Turkey,Dalaman Airport,L&M,3338800,2765203.28552273,0.8282027332
Italy,Naples,MARLBORO,4489400,3827162.20044375,0.8524885732
Morocco,Nador,L&M,686200,539761.402223249,0.7865948735
Netherlands,Eindhoven,MARLBORO,356800,326890.869771432,0.9161739624
Greece,Ioannina,L&M,1800,1264.629044298,0.7025716913
Oman,Salalah,MARLBORO,11744000,10465381.0709031,0.8911257724
Turkey,Denizli Cardak Airport,MARLBORO,34600,26654.423278768,0.7703590543
Uganda,Entebbe,MARLBORO,3164088,2376376.34368463,0.7510462236
Guadalupe,Pointe-a-Pitre,CHESTERFIELD,257200,229414.3200626,0.891968585
Greece,Santorini,MARLBORO,1261400,983325.016490413,0.7795505125
South Korea,Yangyang,PARLIAMENT,2600,2041.68998984,0.7852653807
Denmark,Copenhagen,MARLBORO,3913400,3490645.94862178,0.891972696
Spain,Bilbao,CHESTERFIELD,103400,86376.22020392,0.8353599633
Poland,Gdansk,L&M,16888140,14396566.5753321,0.8524660842
Malaysia,Johor Bahru,CHESTERFIELD,150000,121383.783498814,0.8092252233
Brazil,Viracopos,MARLBORO,784400,576985.094630496,0.7355750824
Spain,Jerez De La Frontera,L&M,22400,18046.12621991,0.8056306348
Spain,Ibiza,PHILIP MORRIS,31000,27533.952910585,0.8881920294
Italy,Ciampino Airport,CHESTERFIELD,231000,193208.719798298,0.8364013844
Dominican Republic,Punta Cana - Higuey,CHESTERFIELD,177600,146904.109836827,0.8271627806
Turkey,Antalya Gazipasa Airport,L&M,934400,782468.980443931,0.8374025904
Maldives,Male,MARLBORO,6094526,5267173.85908491,0.8642466796
Qatar,Doha,L&M,12994560,11490920.8305082,0.8842870271
Turkey,Istanbul Airport,L&M,9786000,7870842.43103699,0.8042961814
Poland,Rzeszow,MARLBORO,3975800,3526899.86242649,0.8870918714
Greece,Zakynthos,MURATTI,3600,2363.060076596,0.6564055768
Poland,Gdansk,MARLBORO,21940420,19421790.4766729,0.8852059567
Croatia,Zagreb,MARLBORO,1858400,1614883.07271247,0.8689642018
Morocco,Casablanca,PHILIP MORRIS,3344000,2831592.76574685,0.8467681716
China,Qingdao Liuting,PARLIAMENT,233400,139285.019899437,0.5967652952
South Korea,Yangyang,MARLBORO,1200,895.373011872,0.7461441766
Turkey,Samsun Airport,PARLIAMENT,539600,444123.33666272,0.8230602977
Germany,Hamburg,L&M,504600,444457.664635317,0.8808118602
Brazil,Rio de Janeiro,MARLBORO,7323200,5392688.47714493,0.7363841595
China,Yanji Zhaoyangchuan,MARLBORO,158600,110808.581761018,0.698666972
Vietnam,Ho Chi Minh,MARLBORO,5075986,4271927.26165958,0.8415955563
Mexico,Monterrey,MARLBORO,680600,526829.480381875,0.7740662362
Guadalupe,Pointe-a-Pitre,MARLBORO,5807000,5231833.11113461,0.9009528347
Egypt,Aswan,MERIT,120802,104602.592233489,0.8659011625
Uzbekistan,Tashkent,PARLIAMENT,2262600,1930286.44521063,0.8531275724
Albania,Tirana,MARLBORO,50123000,43318567.5438731,0.8642453074
Italy,Milan - Malpensa,L&M,378200,303640.742581263,0.8028575954
Italy,Naples,PHILIP MORRIS,94800,82298.795933381,0.8681307588
Spain,Jerez De La Frontera,CHESTERFIELD,7000,5843.167937215,0.8347382767
Tunisia,Sfax,PHILIP MORRIS,83200,71314.622719018,0.8571469077
Russia,Moscow - Domodedovo,MARLBORO,162400,132696.38490267,0.8170959661
France,Marseille,PHILIP MORRIS,927200,844743.290830359,0.911069123
Ecuador,Quito,MARLBORO,3727000,3077456.67802956,0.8257195272
Saudi Arabia,DAMMAM,MARLBORO,14027800,12374054.5388052,0.8821094212
India,Chattrapati Shivaji,MARLBORO,19261131,16531364.1110797,0.8582758775
Russia,Krasnoyarsk,MARLBORO,155400,128539.26348523,0.8271509877
Curazao,Curacao,L&M,906570,804761.051314806,0.8876987451
Oman,Muscat,MARLBORO,35990200,31894512.5628274,0.8861999256
Taiwan,Everrich Downtown Kinmen,MARLBORO,5028440,3730198.96628439,0.7418203193
Sweden,Lulea,MARLBORO,22600,19836.042529897,0.8777009969
Taiwan,Kaohsiung,L&M,106844,27328.684617705,0.2557811821
Germany,Stuttgart,MARLBORO,1568000,1392033.06739659,0.8877761909
China,Nanchang Changbei,MARLBORO,19000,14529.239098856,0.7646967947
Mexico,Ixtapa Zihuatanejo,MARLBORO,82400,69059.187263226,0.8380969328
South Korea,Incheon,MARLBORO,90252600,72340217.8285011,0.801530569
Egypt,Cairo,MARLBORO,80930671,66728490.371551,0.824514236
Taiwan,Taipei - Taoyuan,MARLBORO,56098822,41170491.5469082,0.7338922651
Israel,Tel-Aviv,PARLIAMENT,65510400,57831779.535332,0.882787764
France,Lyon Saint Exupery,MARLBORO,5059800,4544722.79379362,0.8982020621
Spain,Madrid Barajas,MARLBORO,11817400,10215001.1111223,0.8644034315
Turkey,Adana Airport,MURATTI,4600,3585.879188417,0.779538954
Brazil,Sao Paulo - Guarulhos,PARLIAMENT,119800,88625.792766139,0.7397812418
Turkey,Konya Airport,EVE,15400,12527.34790036,0.8134641494
Russia,Novosibirsk,MARLBORO,10200,7914.021548853,0.7758844656
Sweden,Orebro,MARLBORO,20000,17710.936984608,0.8855468492
Vietnam,Danang,MARLBORO,3295800,2769999.05237034,0.8404633328
Morocco,Casablanca,L&M,2759400,2147964.36943727,0.7784171811
Turkey,Diyarbakir Airport,PARLIAMENT,362800,266162.986277585,0.7336355741
Poland,Lodz,CHESTERFIELD,53200,44313.391220228,0.8329584816
Germany,Hamburg,MARLBORO,2736200,2419722.48167773,0.8843368473
Italy,Palermo,CHESTERFIELD,178000,148891.791325053,0.8364707378
Mexico,Mazatlan,L&M,2400,1997.140965169,0.8321420688
China,Kunming Wujiaba,MARLBORO,1472600,1000405.73076676,0.6793465508
Japan,Aomori,PARLIAMENT,8000,6856.091804037,0.8570114755
Taiwan,Everrich Downtown Kinmen,VIRGINIA S.,868360,556687.068255356,0.6410786635
Russia,Ekaterinburg,PARLIAMENT,18200,15357.7606503,0.8438330028
Russia,Krasnoyarsk,BOND STREET,23000,16181.44096048,0.7035409113
Brazil,Belo Horizonte,MARLBORO,233600,171491.27126269,0.7341235927
India,Bangalore,MARLBORO,2974200,2565528.98544009,0.8625946424
Great Britain,Exeter,MARLBORO,96600,83447.078351178,0.8638413908
Spain,Reus,L&M,400200,323537.862354178,0.8084404357
Greece,Rhodes,ASSOS,9200,5148.426516382,0.5596115779
Caribbean Other,Antigua,PARLIAMENT,9910,8251.543212404,0.8326481546
Jordan,Amman,MARLBORO,81569000,68711389.0592543,0.842371355
Caribbean Other,Port-au-Prince (Haiti),MARLBORO,363200,259192.432370236,0.7136355517
Dominican Republic,Punta Cana - Higuey,MARLBORO,21997600,18353350.711719,0.8343342324
China,Xiamen Gaoqi,MARLBORO,2878940,1999261.12762225,0.6944434853
China,Guiyang Longdongbao,MARLBORO,2800,2252.25274038,0.8043759787
Japan,Osaka - Kansai,PARLIAMENT,2563000,2058007.86168895,0.8029683424
Lithuania,Vilnius,MARLBORO,13286000,11597878.8172042,0.8729398477
Italy,Venice,MURATTI,7800,6816.808193899,0.8739497684
Greece,Chania,MURATTI,5200,3432.650287511,0.6601250553
Curazao,Curacao,CANADIAN CLASSICS,510,510,1
Australia,Perth,LONGBEACH,51000,47021.094297472,0.9219822411
France,Paris Charles De Gaulle,MARLBORO,38753000,34834455.0369951,0.8988840873
Denmark,Aarhus,MARLBORO,94052,84274.404820401,0.8960405395
Spain,Valencia,MARLBORO,1743400,1508098.12475751,0.8650327663
Mexico,La Paz Manuel Marquez de Leon,MARLBORO,453800,377046.717106412,0.8308653969
Italy,Ciampino Airport,MARLBORO,2227200,1900798.10372708,0.8534474244
Germany,Munster-Osnabruck,MARLBORO,824549,735696.185713669,0.8922407106
Saudi Arabia,Jeddah,PARLIAMENT,4291200,3809214.82683984,0.8876805618
Mexico,Cancun,MARLBORO,33467200,27768821.6157528,0.829732443
Latvia,Riga,L&M,1615600,1424879.66682283,0.8819507717
Caribbean Other,Basseterre (Saint Kitts),L&M,400,300.192831383,0.7504820785
Curazao,Curacao,PARLIAMENT,17890,15782.429511266,0.8821928178
Turkey,Istanbul Asia Airport,L&M,5732200,4782634.08879272,0.834345293
Kyrgyzstan,Manas,L&M,151600,110973.595725884,0.7320158029
Madagascar,Tulear,MARLBORO,795057,667873.641797825,0.8400324025
Iraq,Baghdad,PARLIAMENT,3410000,2768863.45872298,0.811983419
China,Xian Xianyang,PARLIAMENT,71667,43524.806786086,0.6073200606
United Arab Emirates,Abu Dhabi,PHILIP MORRIS,565600,512132.55118469,0.9054677355
Turkey,Dalaman Airport,MURATTI,11400,9095.652491576,0.7978642536
Italy,Milan - Linate,CHESTERFIELD,69000,55432.607314731,0.8033711205
Turkey,Izmir Airport,EVE,127000,109759.42171118,0.864247415
Bulgaria,Sofia,L&M,1456200,1070606.8020578,0.7352058797
Barbados,Bridgetown,L&M,16551,0,0
Austria,Graz,MARLBORO,167000,146738.066998979,0.8786710599
Russia,Volgograd,PARLIAMENT,195800,162957.130523921,0.8322631794
Japan,Okayama,PARLIAMENT,27400,23412.852921906,0.8544836833
Russia,Astrakhan,BOND STREET,4000,2861.159534344,0.7152898836
Italy,Ciampino Airport,PHILIP MORRIS,26600,23071.791580465,0.8673605857
India,Indira Gandhi,L&M,1009409,758629.364930774,0.7515579561
Japan,Kagoshima,MARLBORO,58400,50690.954169986,0.8679957906
India,Chattrapati Shivaji,L&M,539913,452907.193750732,0.8388521739
Mauritania,Nouakchott,L&M,3600,2337.924424877,0.6494234514
Poland,Warsaw,MARLBORO,21624900,19053667.1407655,0.8810985087
Morocco,Agadir,PHILIP MORRIS,4076400,3477355.78091656,0.853045771
United Arab Emirates,Sharjah,PHILIP MORRIS,356400,321121.577473038,0.9010145271
Egypt,Cairo,MERIT,6717994,5637714.88902726,0.8391961781
France,Marseille,MARLBORO,5300600,4766637.08686859,0.8992636847
Poland,Warsaw,CHESTERFIELD,1112600,916079.659737345,0.8233683801
"Congo, Rep. Dem.",Kinshasa,L&M,20000,15676.529608139,0.7838264804
Brazil,Brasilia,CHESTERFIELD,1400,1091.06448834,0.7793317774
Morocco,Ouarzazate,CHESTERFIELD,16400,12787.019992474,0.779696341
Great Britain,Edinburgh,MARLBORO,2734600,2359475.64361927,0.8628229517
Turkey,Bodrum Airport,MARLBORO,5495200,4888075.24598961,0.8895172598
Spain,Malaga,L&M,2031000,1637928.10958401,0.8064638649
Poland,Radom,L&M,7000,6061.129585712,0.8658756551
Portugal,Madeira,L&M,492600,440250.13522236,0.8937274365
Tunisia,Tozeur,MERIT,5000,4245.735714222,0.8491471428
Caribbean Other,Antigua,MARLBORO,386093,319887.037728338,0.8285232774
Tunisia,Tunis,CHESTERFIELD,210200,141525.781230299,0.673291062
Taiwan,Taichung,VIRGINIA S.,173668,110641.423323093,0.6370858381
Morocco,Nador,PHILIP MORRIS,539600,459306.462684015,0.8511980406
Spain,Palma De Mallorca,CHESTERFIELD,157400,131282.950937636,0.8340721152
Poland,Warsaw-Modlin,CHESTERFIELD,289820,242104.21517468,0.835360621
Serbia,Nis,MARLBORO,1046000,825925.544833898,0.7896037714
India,Cochin,L&M,199798,167065.917022033,0.836174121
Dominican Republic,Samana El Catey,MARLBORO,156800,126476.06219078,0.8066075395
Brazil,Recife,MARLBORO,286600,213253.875198812,0.7440819093
Norway,Oslo,PETTEROE'S,757600,687972.104173078,0.9080941185
Mexico,La Paz Manuel Marquez de Leon,L&M,4000,3403.478355776,0.8508695889
Mongolia,Ulaanbaatar,L&M,4600,3410.74687569,0.7414667121
Japan,Naha,PARLIAMENT,131200,112133.286324461,0.8546744384
Italy,Verona,MERIT,39200,32992.792196422,0.8416528622
Serbia,Belgrade,L&M,1503200,1203540.59260098,0.8006523367
Cape Verde,Espargos,MARLBORO,11288800,8819387.66448012,0.7812511219
Gabon,Gabon,MARLBORO,1230000,984647.723880429,0.8005266048
Japan,Chubu,LARK,380600,334202.72795057,0.8780943982
Kuwait,Kuwait,PARLIAMENT,31207600,26336697.1836783,0.8439193396
China,Hohhot Baita,PARLIAMENT,31400,20474.320043369,0.652048409
Belgium,Brussels,MARLBORO,6677200,5950031.54600361,0.891096799
Japan,Komatsu,LARK,11600,10122.912219968,0.8726648465
Peru,Lima,L&M,312000,256381.149932934,0.8217344549
Egypt,Asyut,MARLBORO,686837,563818.630701624,0.8208914644
Ecuador,Quito,L&M,31000,25155.887905244,0.811480255
Peru,Lima,MARLBORO,7172400,5678109.4374257,0.7916610113
Caribbean Other,Kralendijk (Bonaire),MARLBORO,1710999,1396470.10166728,0.8161723658
Spain,Malaga,PHILIP MORRIS,54600,48512.36180264,0.8885047949
Spain,Santander,MARLBORO,228200,197860.931457126,0.8670505322
Russia,Astrakhan,MARLBORO,49000,40695.152808376,0.8305133226
Caribbean Other,Basseterre (Saint Kitts),PARLIAMENT,7000,5628.72207825,0.804103154
Spain,Santander,L&M,87200,75578.926835347,0.8667308123
Switzerland,Geneva,CHESTERFIELD,203000,173839.575348409,0.8563525879
Turkey,Ankara Airport,L&M,1083600,886518.014540605,0.818122937
Greece,Rhodes,MARLBORO,4008000,3172775.69637632,0.7916107027
Kenya,Nairobi,MARLBORO,233200,186819.011925073,0.8011106858
Bosnia-Herzegovinia,Sarajevo,MARLBORO,6331643,5495924.89247531,0.8680092817
Turkey,Gaziantep Airport,PARLIAMENT,727200,597055.247854869,0.8210330691
Oman,Salalah,L&M,674000,591468.259349117,0.8775493462
Sweden,Stockholm Arlanda,L&M,849600,739546.991670951,0.8704649149
Spain,Murcia,L&M,482000,389123.928524807,0.807311055
South Korea,Yangyang,LARK,200,152.340615247,0.7617030762
Portugal,Faro Airport,L&M,1462000,1306614.69213846,0.8937172997
Belgium,Charleroi,MARLBORO,763600,679717.111242796,0.8901481289
United Arab Emirates,Dubai,PHILIP MORRIS,3515800,3156663.28271037,0.8978506407
France,Lyon Saint Exupery,L&M,22000,20238.266043394,0.9199211838
Switzerland,Zurich,MARLBORO,21292200,18487422.6197248,0.8682720724
Spain,Alicante,MARLBORO,9992400,8653376.54936313,0.8659958118
Japan,Naha,MARLBORO,1918400,1665021.4156888,0.8679219223
China,Sanya Fenghuang,MARLBORO,74990,50333.203737947,0.6711988764
Morocco,Tangier,PHILIP MORRIS,1846400,1578718.08878049,0.8550249614
South Korea,Seoul,MARLBORO,4765600,3869126.16888243,0.8118864716
China,Quanzhou,MARLBORO,241600,185545.487799109,0.7679862906
Norway,Trondheim,MARLBORO,935700,829437.655942083,0.8864354557
South Korea,Busan - Kimhae,MARLBORO,5953200,4847119.83279023,0.8142040974
Greece,Mitilini,L&M,26800,17562.852260818,0.6553303082
India,Bangalore,L&M,196800,163576.025055658,0.8311789891
Taiwan,Everrich Downtown Kinmen,L&M,105480,22946.098829048,0.2175398069
France,Nice,PHILIP MORRIS,354000,323269.300923759,0.9131901156
French Guyana,Cayenne,CHESTERFIELD,120600,103057.202467844,0.8545373339
Saint Marteen (NL),St. Maarten Princess Juliana,PARLIAMENT,179708,155667.027401447,0.8662220235
Dominican Republic,Puerto Plata,PARLIAMENT,42200,34705.516083145,0.8224055944
Germany,Nuernberg,MARLBORO,174715,155723.596470858,0.8913006695
Germany,Stuttgart,L&M,469200,414788.614486583,0.8840337052
Japan,Sendai,PARLIAMENT,71000,60727.266297849,0.8553136098
China,Wenzhou Longwan,MARLBORO,436800,319391.100220298,0.7312067313
Japan,Fukushima,MARLBORO,1400,1212.882103664,0.8663443598
Japan,Tokyo - Haneda,LARK,1111800,979610.982583422,0.8811036001
Croatia,Dubrovnik,MARLBORO,2019400,1774577.2058201,0.8787645864
Tanzania,Kilimanjaro,L&M,6800,5281.443638934,0.7766828881
China,Dalian Zhoushuizi,PARLIAMENT,38330,23346.625190117,0.6090953611
Australia,Brisbane,PETER JACKSON,48991,44492.935603524,0.9081859036
Egypt,Hurgada,L&M,8448512,6690853.1099206,0.7919563954
Mexico,Los Cabos,L&M,39000,32890.574680854,0.8433480687
Tunisia,Enfidha,PHILIP MORRIS,58400,49868.847161706,0.8539186158
Argentina,Buenos Aires - Ezeiza,MARLBORO,15443000,11646723.6013278,0.7541749402
Italy,Pisa,MARLBORO,1198800,1007598.26921269,0.8405057301
Canary Islands,La Palma,L&M,187000,152864.653118471,0.8174580381
Dominican Republic,Samana El Catey,L&M,28000,23087.042228848,0.8245372225
Bangladesh,Zia,L&M,3280,2797.940241727,0.8530305615
Russia,St. Petersburg Pulkovo,MARLBORO,359400,284538.94034783,0.7917054545
Germany,Frankfurt,L&M,2560600,2217096.27931439,0.8658503004
Turkey,Istanbul Asia Airport,MARLBORO,70245600,60071203.0251344,0.8551596545
Morocco,Agadir,MARLBORO,38918600,32172460.5019026,0.826660273
South Korea,Daegu,MARLBORO,4005000,3328230.87149014,0.8310189442
Zambia,Lusaka,MARLBORO,597200,460357.862564532,0.7708604531
Great Britain,London Luton,MARLBORO,3071000,2715275.76072889,0.884166643
China,Chengdu Tianfu,PARLIAMENT,184000,119368.65270402,0.6487426777
Spain,Alicante,L&M,3736200,3015063.31858677,0.8069865956
Ireland,Cork,L&M,41400,36741.016714136,0.8874641718
South Korea,Busan - Kimhae,VIRGINIA SLIMS,3479000,2865091.39376784,0.8235387737
Belarus,Minsk,MARLBORO,26360,22531.266342924,0.8547521374
China,Yanji Zhaoyangchuan,PARLIAMENT,10000,6519.291459574,0.651929146
Morocco,Rabat,L&M,1600600,1265451.35356505,0.790610617
Russia,Min Vody,MARLBORO,68200,55894.542316415,0.8195680692
Dominican Republic,Santo Domingo Las Americas,PARLIAMENT,5600,4588.649328833,0.8194016659
Spain,Vigo,CHESTERFIELD,8000,6835.960080977,0.8544950101
Spain,Alicante,PHILIP MORRIS,29200,25938.90869093,0.8883187908
Spain,Vigo,L&M,20200,17761.407476133,0.8792775978
Montenegro,Podgorica,L&M,920000,738388.972197603,0.8025967089
Morocco,Essaouira,PHILIP MORRIS,339400,292474.024336108,0.8617384335
France,Paris Orly,CHESTERFIELD,670200,605445.160563265,0.9033798278
Morocco,Rabat,MARLBORO,19800800,16412157.1564352,0.8288633367
Norway,Oslo,MARLBORO,12528100,11092469.1223532,0.8854071345
Egypt,Luxor,PARLIAMENT,79200,67267.953049256,0.8493428415
Spain,Vigo,MARLBORO,55800,48450.773095963,0.8682934247
Dominican Republic,Santiago Cibao,L&M,12200,9991.660838678,0.8189885933
Saudi Arabia,Medina,L&M,887000,780974.975086149,0.8804678411
Greece,Athens,ASSOS,108400,53382.816299507,0.492461405
Greece,Thessaloniki,L&M,278000,175342.547947393,0.6307285897
Norway,Bergen,PETTEROE'S,270500,245558.611619399,0.907795237
Cape Verde,Rabil,L&M,1444800,954779.288812313,0.6608383782
Mongolia,Ulaanbaatar,PARLIAMENT,29400,24853.685158802,0.8453634408
Rwanda,Kigali,L&M,69200,-49373.570997439,-0.7134909104
Japan,Osaka - Kansai,LARK,879400,735467.02158822,0.8363282029
Australia,Perth,PETER JACKSON,125800,114564.169737687,0.9106849741
South Sudan,Juba,MARLBORO,670000,518742.457420925,0.7742424738
South Korea,Cheongju,VIRGINIA SLIMS,88600,72876.105110879,0.8225294031
Germany,Paderborn,L&M,84800,76223.137241975,0.8988577505
China,Nanning Wuxu,PARLIAMENT,37200,25868.120035845,0.6953795709
Germany,Hannover,L&M,302800,266708.385390793,0.8808070852
Taiwan,Taipei - Taoyuan,VIRGINIA S.,9626302,6063296.11170481,0.6298676389
