DF_Market,Location,Brand Family,BF_Volume,BF_MC,Margin_Volume,Brand Family Margin
Poland,Wroclaw,MARLBORO,7382600,561005.3,6493961.2130728,0.8796306468
Egypt,Luxor,MERIT,61791,3914.52,53002.59342316,0.857772061
Great Britain,Aberdeen,MARLBORO,462600,29634.22,397526.916486374,0.8593318558
Turkey,Trabzon Airport,MURATTI,14000,474.18,10839.243541724,0.7742316816
Macedonia,Skopje,PARLIAMENT,346600,20232.89,291859.361631851,0.8420639401
Greece,Aktio,MARLBORO,414800,20429.05,342751.894048633,0.8263063984
Kenya,Nairobi,L&M,20000,653.3,15780.193236715,0.7890096618
China,Yancheng Nanyang,MARLBORO,400,10.48,286.730506156,0.7168262654
Morocco,Rabat,CHESTERFIELD,167800,5825,127340.516279966,0.7588826954
Tunisia,Enfidha,CHESTERFIELD,73200,1486.23,47437.907430342,0.6480588447
Egypt,Hurgada,MARLBORO,19277672,1066420.4,16228322.2943315,0.8418196084
Spain,Malaga,MARLBORO,9947800,661450.54,8608812.51119089,0.865398632
Italy,Verona,CHESTERFIELD,128400,3845.92,93808.738719875,0.7305976536
Tanzania,Dar Es Salaam,MARLBORO,997400,45618.15,811645.848081703,0.8137616283
South Korea,Muan,PARLIAMENT,19000,760.6,14919.273288605,0.7852249099
Spain,Malaga,CHESTERFIELD,259800,13571.02,214521.372181926,0.8257173679
Canary Islands,Fuerteventura,PHILIP MORRIS,366200,20263.61,314626.180696062,0.8591648845
France,Montpellier,PHILIP MORRIS,389000,32064.18,350293.589321544,0.9004976589
Iraq,Suleymania Airport,PARLIAMENT,650000,38566.65,548741.498534475,0.8442176901
Niger,Niamey,L&M,1800,47.55,1352.773826458,0.7515410147
South Korea,Incheon,PARLIAMENT,29135600,1180615.09,22937827.2592396,0.7872783557
Morocco,Casablanca,MARLBORO,44356400,2053246.85,36240808.5949863,0.8170367432
Caribbean Other,Basseterre (Saint Kitts),MARLBORO,103800,4683.36,84182.195193996,0.8110038073
Dominican Republic,Santo Domingo Las Americas,MARLBORO,7430400,308456.36,5931520.15787709,0.7982773684
Canary Islands,La Palma,MARLBORO,682400,44109.81,588081.574743806,0.8617842537
Japan,Chubu,PARLIAMENT,693000,44195.2,591456.145959083,0.8534720721
Mauritania,Nouakchott,MARLBORO,739200,32985.09,599039.620276959,0.8103890967
Japan,Naha,LARK,20000,1167.78,17389.143594959,0.8694571797
Mexico,Los Cabos,CHESTERFIELD,8800,402.37,7090.362241935,0.805722982
Mexico,Monterrey,L&M,18200,476.14,13617.931195939,0.7482379778
Italy,Milan - Malpensa,CHESTERFIELD,998200,29953.52,729722.819402174,0.731038689
Egypt,Hurgada,PARLIAMENT,1680000,107617.46,1434768.09220784,0.8540286263
Japan,Fukuoka,PARLIAMENT,1042200,73502.18,902144.354246453,0.865615385
Spain,Ibiza,CHESTERFIELD,31400,1676.3,26024.998640303,0.8288216127
China,Taiyuan Wusu,MARLBORO,247800,5344.57,166796.966068825,0.6731112432
China,Hebei,PARLIAMENT,27600,580.81,18154.41674237,0.6577687225
France,Toulouse,L&M,18000,1417.38,16202.640653876,0.900146703
China,Jinan Xiaoqiang,PARLIAMENT,10000,209.81,6570.936423426,0.6570936423
Russia,Samara,L&M,6600,109.78,4326.827928862,0.6555799892
Mexico,Mexico City,PARLIAMENT,143200,5886.94,113082.820196384,0.7896844986
Poland,Lodz,L&M,1814820,91129.84,1545849.49681927,0.851792187
Morocco,Ouarzazate,PHILIP MORRIS,97400,5370.17,83640.017333905,0.8587270774
South Korea,Seoul,PARLIAMENT,1071000,50000.93,867524.194968086,0.8100132539
Tunisia,Enfidha,L&M,1081200,16391.38,676944.700128495,0.6261049761
Morocco,Ouarzazate,MARLBORO,660000,33972.91,549469.887147363,0.832530132
France,Nantes,CHESTERFIELD,98200,9166.07,87825.960579462,0.8943580507
Tunisia,Monastir,CHESTERFIELD,126800,2549.64,81894.361679033,0.6458545874
Russia,Min Vody,PARLIAMENT,3600,169.42,2918.576060304,0.8107155723
India,Chattrapati Shivaji,PARLIAMENT,179958,12732.84,155842.234177913,0.8659922547
Brazil,Florianopolis,PARLIAMENT,3800,124.07,2845.642201835,0.748853211
Mexico,Cozumel,CHESTERFIELD,600,26.97,481.893984515,0.8031566409
Angola,Luanda,MARLBORO,1539600,68466.36,1248104.0403635,0.8106677321
Japan,Takamatsu,PARLIAMENT,14600,957.42,12511.110783374,0.8569253961
New Zealand,Christchurch,MARLBORO,212000,35221,199583.873784737,0.9414333669
Canary Islands,La Palma,CHESTERFIELD,234400,10682.75,188739.926896695,0.8052044663
Spain,A Coruna,L&M,15600,956.22,13654.135862748,0.8752651194
Kyrgyzstan,Manas,MARLBORO,641000,35904.98,541150.972356641,0.844229286
Spain,Valencia,L&M,271800,9753.98,218594.173364898,0.8042464068
Greece,Karpathos,MARLBORO,17800,846.84,14612.605440329,0.8209328899
China,Weihai Dashuibo,MARLBORO,241600,8880.11,187774.473190965,0.7772122235
Aruba,Oranjestad,NEXT,2000,118.8,2000,1
Japan,Hiroshima,MARLBORO,225800,15037.84,195459.261972308,0.8656300353
Sierra Leone,Sierra Leone,MARLBORO,7004000,299600.03,5635811.86396097,0.804656177
Spain,Ibiza,MARLBORO,3120200,210086.1,2704688.71627359,0.8668318429
Italy,Treviso,CHESTERFIELD,9800,516.93,8104.886976422,0.8270292833
China,Hebei,MARLBORO,343700,9684.68,247187.980889064,0.7191969185
Russia,Sochi,MARLBORO,245200,9525.21,193476.237162323,0.7890548008
Saint Marteen (NL),St. Maarten Princess Juliana,L&M,109440,2651.54,69092.744078259,0.6313298984
Oman,Muscat,PHILIP MORRIS,584600,50623.93,529171.545438957,0.9051856747
Macedonia,Skopje,L&M,1013400,20575.38,708563.877641793,0.6991946691
Spain,Santiago De Compostela,L&M,145600,8930.81,127450.444996218,0.8753464629
Great Britain,Guernsey,MARLBORO,421000,30799.53,368764.032497842,0.8759240677
Egypt,Alexandria,MARLBORO,2327125,126461.94,1953299.34928277,0.8393615939
Georgia,Batumi,MARLBORO,2316000,118692.78,1927003.7482462,0.832039615
China,Hangzhou Xiaoshan,PARLIAMENT,360800,7570.04,237082.244202608,0.6571015638
Spain,Palma De Mallorca,L&M,2082200,75972.52,1680013.43611452,0.8068453732
Botswana,Gaborone,MARLBORO,10000,529.15,8366.007905138,0.8366007905
Vietnam,Cam Ranh,MARLBORO,3192200,170448,2670530.79249088,0.8365800365
Morocco,Fes,PHILIP MORRIS,3808400,201998.65,3250301.28180144,0.853455856
South Korea,Muan,MARLBORO,23400,978.23,18752.426804652,0.8013857609
Denmark,Aarhus,L&M,11949,1019.42,10839.238921232,0.9071251922
Ivory Coast,Abidjan,MARLBORO,3605000,136140.04,2827003.0510653,0.7841894732
Italy,Rome Fiumicino,MARLBORO,16231400,965880.7,13816349.7935893,0.8512112198
Norway,Sandefjord-Torp,MARLBORO,3157545,272495.78,2819833.84342878,0.8930462886
Norway,Sandefjord-Torp,L&M,79959,5360.36,70741.598464949,0.8847234016
Brazil,Belo Horizonte,CHESTERFIELD,4800,168.16,3651.022254388,0.7606296363
Norway,Stavanger,L&M,102200,5962.68,88891.584785856,0.8697806731
Greece,Skiathos,MARLBORO,437200,20160.24,356716.372114082,0.8159111896
Costa Rica,San Jose,MARLBORO,1119200,78025.03,974703.685196752,0.8708932141
Ghana,Accra,L&M,31800,446.13,13634.824758869,0.4287680742
Spain,Asturias,L&M,26000,1593.96,22757.44498572,0.8752863456
Australia,Perth,ALPINE,200,24.59,200,1
Mexico,Cancun,CHESTERFIELD,272400,12387.51,219244.830619811,0.8048635485
Italy,Bergamo,MERIT,75000,4092.16,62892.061033037,0.8385608138
Turkey,Konya Airport,PARLIAMENT,78600,3116.34,61563.372720716,0.7832490168
Spain,Almeria,L&M,136400,4953.25,109952.558201582,0.8061037991
Panama,Panama Tocumen,L&M,197600,5963.85,137337.250950881,0.6950265736
Norway,Sandefjord-Torp,PETTEROE'S,444607,47719.99,409884.707709545,0.9219034062
Tanzania,Dar Es Salaam,L&M,73800,2765.5,59399.000329366,0.8048645031
Egypt,Cairo,PARLIAMENT,8599600,485195.73,7201013.20207229,0.8373660638
Malaysia,Kuala Lumpur,CHESTERFIELD,1874000,56206.2,1370279.55856151,0.731205741
Serbia,Belgrade,MARLBORO,20712000,887502.43,16686614.7591565,0.8056496118
Aruba,Oranjestad,CHESTERFIELD,23400,922.48,18285.96406516,0.7814514558
Dominican Republic,Santo Domingo Las Americas,NEXT,400,23.76,400,1
Turkey,Istanbul Airport,PARLIAMENT,29364800,1695147.45,24658241.5030471,0.8397210777
Mexico,Mexico City,L&M,528800,12896.25,388625.344116141,0.7349193346
Saudi Arabia,Jeddah,MARLBORO,47772000,3687378.13,42118985.3321586,0.8816667783
Turkey,Kutahya Airport,L&M,16200,758.09,13637.487447139,0.8418202128
Egypt,Marsa Aalam,MARLBORO,6645023,378280.17,5619965.55146027,0.8457405718
Taiwan,Taichung,L&M,21096,224.3,11581.724222967,0.5490009586
Morocco,Essaouira,CHESTERFIELD,47600,1685.53,36298.138747885,0.7625659401
Brazil,Sao Paulo - Guarulhos,MARLBORO,10549800,310679.54,7787972.91426403,0.7382104793
Israel,Tel-Aviv,MARLBORO,146127200,11002324.17,128486463.830665,0.8792782167
Germany,Frankfurt,MARLBORO,13672000,1051151.9,12039080.160213,0.8805646694
Russia,Astrakhan,L&M,35400,1419.49,28933.195183491,0.8173218978
Bosnia-Herzegovinia,Tuzla,MARLBORO,3368400,215670.85,2899868.36976782,0.8609038029
Mexico,Los Cabos,MARLBORO,3807200,195746.38,3161488.51190399,0.8303972767
Nicaragua,Managua,MARLBORO,1499400,40694.43,1072790.06959506,0.7154795716
Senegal,Leopold Sedar Senghar,L&M,121600,3011.73,89895.544811382,0.7392725725
France,Nice,CHESTERFIELD,80000,7483.72,71565.149919387,0.894564374
Mexico,Guadalajara,L&M,65000,1711.69,48718.330745788,0.7495127807
Spain,Sevilla,MARLBORO,1115600,74323.44,965777.983091796,0.8657027457
Brazil,Belo Horizonte,L&M,20800,710.96,16538.282020559,0.7951097125
Italy,Bergamo,MARLBORO,3152400,163932.26,2627121.8846996,0.8333719974
Turkey,Samsun Airport,EVE,11400,527.9,9458.045859592,0.8296531456
Brazil,Rio de Janeiro,PARLIAMENT,77400,2471.35,57636.387467684,0.7446561688
French Guyana,Cayenne,PHILIP MORRIS,763600,55551.66,678632.796879847,0.8887281258
Jordan,Amman,PARLIAMENT,57503400,3579397.39,48822230.3469116,0.8490320633
Italy,Verona,MARLBORO,1492400,78710.6,1246769.76547468,0.8354126008
France,Toulouse,MARLBORO,1924200,163140.2,1714077.13482087,0.890799883
China,Changchun Longjia,MARLBORO,152600,3767.2,106210.252949844,0.6960042788
Brazil,Natal,PARLIAMENT,1600,48.82,1177.449502563,0.7359059391
Brazil,Viracopos,PARLIAMENT,2400,78.36,1797.247706422,0.748853211
China,Yantai Penglai,MARLBORO,343200,8061.74,235695.718110928,0.6867590854
China,Chengdu Tianfu,MARLBORO,3671420,116725.84,2735207.87571007,0.7449999934
Portugal,Porto,L&M,1535200,98742.27,1351640.65382129,0.8804329428
Russia,Sochi,PARLIAMENT,6400,265.78,5062.752331073,0.7910550517
Great Britain,Southampton,MARLBORO,432000,27571.96,371137.097583427,0.8591136518
Spain,Asturias,CHESTERFIELD,19600,1224.26,16659.374045378,0.8499680635
South Korea,Daegu,VIRGINIA SLIMS,489600,26102.7,413959.991187089,0.8455065179
Great Britain,Jersey,MARLBORO,1837400,127200.17,1595486.38893335,0.8683391689
Brazil,Salvador,CHESTERFIELD,5400,189.94,4111.255411255,0.7613435947
Greece,Ioannina,MARLBORO,7000,327.34,5725.091359598,0.8178701942
Mexico,Guadalajara,MARLBORO,4584000,151839.66,3477976.15508226,0.7587208017
Spain,A Coruna,CHESTERFIELD,19600,1225.05,16660.986018111,0.850050307
Argentina,Buenos Aires - Ezeiza,PHILIP MORRIS,1565000,47732.11,1206207.97625378,0.7707399209
Qatar,Doha,PARLIAMENT,20100160,1816033.64,17926151.869354,0.8918412525
Great Britain,Leeds Bradford,MARLBORO,795800,48970.04,679644.1583589,0.8540389022
Denmark,Faroe Islands,L&M,120000,10316.95,108932.582531718,0.9077715211
Dominican Republic,Puerto Plata,CHESTERFIELD,7200,283.66,5625.694138387,0.7813464081
Gibraltar,Gibraltar,L&M,939847,32018,748047.212519922,0.7959244563
Poland,Katowice,MARLBORO,8131200,609128.73,7140193.01967097,0.8781229117
France,Paris Orly,MARLBORO,21547000,1869034.26,19239906.6170473,0.8929273967
Germany,Bremen,MARLBORO,180800,16092.91,161990.416205073,0.8959646914
Georgia,Tbilisi,L&M,846400,13445,546042.754494572,0.6451355795
Taiwan,Kaohsiung,VIRGINIA S.,787660,16414.65,471458.100196253,0.5985553414
Greece,Rhodes,MURATTI,11200,222.93,7494.570013507,0.6691580369
Turkey,Istanbul Asia Airport,EVE,198800,13232.86,173952.399051515,0.8750120677
Poland,Radom,MARLBORO,14400,1253.72,12867.999380388,0.8936110681
Poland,Warsaw-Modlin,MARLBORO,4351200,346659.27,3850147.8501351,0.884847364
Poland,Krakow Balice,L&M,19488040,952725.78,16532616.9119952,0.8483468277
Greece,Kavala,MARLBORO,92400,4517.56,76234.024282492,0.8250435528
Russia,St. Petersburg Pulkovo,L&M,107800,1593.34,67670.861080769,0.6277445369
Japan,Ibaraki,MARLBORO,16000,1022.2,13771.145917421,0.8606966198
United Arab Emirates,Ras El Khaymah,PARLIAMENT,304800,26029.71,270146.614838866,0.8863077915
Spain,Ibiza,L&M,602600,22036.95,486418.662142647,0.807199904
Mongolia,Ulaanbaatar,MARLBORO,99800,5573.43,84215.004405847,0.8438377195
Bangladesh,Zia,PARLIAMENT,31245,2356.78,27284.600999678,0.8732469515
Turkey,Diyarbakir Airport,MARLBORO,767600,28244.66,598542.043601812,0.7797577431
Poland,Poznan-Lawica,L&M,6459800,318442.24,5487057.37897979,0.8494159849
Spain,Barcelona,MARLBORO,11864800,783279.47,10257585.6665932,0.8645392815
Serbia,Nis,L&M,107200,3754.98,85803.691146226,0.8004075667
Chile,Santiago Arturo Merino Benitez,CHESTERFIELD,20000,510.49,13966.894664843,0.6983447332
Saudi Arabia,DAMMAM,L&M,1358400,84058.86,1190370.44818267,0.8763033335
South Korea,Seoul,LARK,800,36.19,670.185185185,0.8377314815
Reunion,Roland Garros,CHESTERFIELD,1491000,82586.85,1243484.90011025,0.8339938968
Poland,Szczecin,MARLBORO,2227420,173178.19,1964854.87536573,0.8821214119
Turkey,Trabzon Airport,MARLBORO,2507400,96780.3,1974822.19947413,0.7875975909
Bosnia-Herzegovinia,Tuzla,L&M,185400,4934.96,139591.879462229,0.7529227587
Egypt,Asyut,L&M,292841,10279.69,234480.180878126,0.8007081689
Norway,Bergen,MARLBORO,2204600,170820.37,1945147.56194425,0.8823131461
Egypt,Alexandria,MERIT,185726,11745.28,159270.853666604,0.8575581968
China,Changsha Huanghua,PARLIAMENT,110000,2307.94,72281.240213206,0.6571021838
Poland,Lublin,L&M,3576860,180759.18,3049583.13649272,0.8525866644
Spain,Madrid Barajas,CHESTERFIELD,712200,37086.29,587754.438623909,0.8252659908
Uruguay,Punta del Este,MARLBORO,1600,80.42,1327.062706271,0.8294141914
Turkey,Eskisehir Airport,LARK,400,18.36,335.802469136,0.8395061728
Barbados,Bridgetown,MARLBORO,3417471,189640.32,2876525.93319498,0.8417118779
Germany,Duesseldorf,MARLBORO,4554600,349590.65,4010926.38374047,0.8806319729
Switzerland,Geneva,PHILIP MORRIS,929000,80215.9,840687.365509461,0.9049379607
Turkey,Gaziantep Airport,MURATTI,26000,1160.13,21292.075732281,0.8189259897
Angola,Luanda,L&M,210000,6859.65,165692.028985507,0.7890096618
Czech Republic,Brno,MARLBORO,590000,74333.88,545270.434221087,0.9241871766
Italy,Treviso,MARLBORO,220800,13323.48,188394.695330251,0.8532368448
Poland,Szczecin,L&M,2109460,103645.37,1790749.89311472,0.8489138894
Brazil,Brasilia,MARLBORO,157000,4472.49,114818.539109866,0.7313282746
Taiwan,Kaohsiung,MARLBORO,4606838,111310.88,3218535.3542414,0.6986430507
Saint Marteen (NL),St. Maarten Princess Juliana,MARLBORO,3300956,122263.39,2545542.94183047,0.7711532483
Turkey,Cukurova Airport,PARLIAMENT,223200,14387.22,190480.154026108,0.853405708
Switzerland,Geneva,MURATTI,81600,6980.21,73180.322510603,0.8968176778
Mexico,Puerto Vallarta,PARLIAMENT,174800,10520.25,147894.877795739,0.8460805366
Spain,Valencia,PHILIP MORRIS,18200,1302.28,16152.365115819,0.8874925888
Portugal,Lisbon,MARLBORO,10360800,788095.24,9120248.93565712,0.8802649347
Italy,Pisa,MERIT,52400,2899.72,44040.336913864,0.8404644449
Burundi,Bujumbura,MARLBORO,112200,816.23,35963.398292387,0.3205293965
Morocco,Marrakech,L&M,9407400,255581.21,6279356.97462693,0.6674912276
Bahrain,Manama,MARLBORO,30406600,2494748.69,26995198.5884934,0.887807206
Brazil,Salvador,L&M,31200,1082.79,24901.207761534,0.7981156334
Canary Islands,Tenerife,PHILIP MORRIS,1505200,83395.84,1293446.37304119,0.8593186108
Greece,Corfu,ASSOS,20400,246.72,11966.114617243,0.5865742459
Turkey,Ankara Airport,MURATTI,55400,2304.62,44661.208605145,0.8061590001
Brazil,Florianopolis,MARLBORO,328000,9997.15,244216.466334987,0.7445623974
Italy,Pisa,L&M,220800,7619.95,176202.265601574,0.7980175073
Italy,Rome Fiumicino,MURATTI,84200,5748.4,73591.098799013,0.8740035487
France,Tarbes - Lourdes,MARLBORO,67200,6525.09,60725.518465901,0.9036535486
Tunisia,Enfidha,MARLBORO,10893600,566493.8,9083919.13928651,0.8338766927
Egypt,Aswan,MARLBORO,1421036,77318.51,1193081.00823786,0.8395853506
China,Chongqing Jiangbei,MARLBORO,1131400,28386.9,787768.05796594,0.69627723
Brazil,Brasilia,L&M,12400,449.6,9985.809076358,0.8053071836
Gibraltar,Gibraltar,MARLBORO,2641192,170902.44,2277434.56356011,0.8622752771
Kuwait,Kuwait,L&M,36002800,924694.21,26689635.0568242,0.7413210933
Japan,Chitose,PARLIAMENT,253200,16263.05,216324.96245595,0.8543639907
Austria,Graz,CHESTERFIELD,39000,1914.61,31847.559152111,0.8166040808
Russia,Moscow - Sheremetyevo,MARLBORO,1500200,86501.14,1271516.63646858,0.847564749
China,Urumchi Diwobao,PARLIAMENT,698800,14661.72,459183.29559712,0.6571025982
Turkey,Kayseri Airport,L&M,411200,18958.66,345138.925618958,0.8393456362
Great Britain,Manchester,MARLBORO,7579000,470943.14,6481577.04239004,0.8552021431
Morocco,Marrakech,PHILIP MORRIS,12959200,632010.54,10921915.6815106,0.8427924317
Spain,Mahon Airport,MARLBORO,1230000,83009.87,1066550.12120155,0.8671139197
Jordan,Aqaba,L&M,25200,795.95,19734.8969789,0.7831308325
Japan,Komatsu,MARLBORO,85400,5625.88,73818.469699646,0.8643848911
Suriname,Paramaribo,L&M,371711,12450.7,228318.955778482,0.614237824
Turkey,Diyarbakir Airport,ASSOS PREMIUM,3200,67.71,2345.950627977,0.7331095712
Sierra Leone,Sierra Leone,L&M,980000,28013.51,750629.957127545,0.7659489358
Japan,Tokyo - Narita,LARK,1350000,78999.57,1174117.68162541,0.8697168012
Sweden,Vaxjo,MARLBORO,11000,863.05,9719.623576726,0.8836021433
Denmark,Copenhagen,MARLBORO,3913400,308754.31,3456584.29662559,0.8832688446
Spain,Jerez De La Frontera,L&M,22400,813.54,18057.152552618,0.8061228818
Oman,Salalah,MARLBORO,11744000,968881.52,10433470.9155856,0.888408627
Uganda,Entebbe,MARLBORO,3164088,123378.03,2457177.88177553,0.7765832941
Turkey,Denizli Cardak Airport,MARLBORO,34600,1242.27,26829.720282948,0.7754254417
Brazil,Viracopos,MARLBORO,784400,22459.8,575044.586456085,0.7331012066
Guadalupe,Pointe-a-Pitre,CHESTERFIELD,257200,21542.9,227282.521639995,0.8836800997
South Korea,Yangyang,PARLIAMENT,2600,111.93,2072.777777778,0.7972222222
Greece,Santorini,MARLBORO,1261400,59102.79,1032768.55065508,0.81874786
Poland,Gdansk,L&M,16888140,836359.66,14355096.0076175,0.8500104812
Spain,Bilbao,CHESTERFIELD,103400,6456.77,87882.942708848,0.8499317477
Spain,Ibiza,PHILIP MORRIS,31000,2230.01,27528.794998407,0.8880256451
Malaysia,Johor Bahru,CHESTERFIELD,150000,6326.2,118913.533834586,0.7927568922
Poland,Gdansk,MARLBORO,21940420,1702513.49,19351171.2493282,0.8819872751
Maldives,Male,MARLBORO,6094526,385731.26,5233213.48435292,0.8586744046
Qatar,Doha,L&M,12994560,739472.31,10088284.938478,0.7763467896
Morocco,Casablanca,PHILIP MORRIS,3344000,163011.31,2818132.01166705,0.8427428265
Turkey,Antalya Gazipasa Airport,L&M,934400,42108.19,779885.716767468,0.8346379674
Turkey,Istanbul Airport,L&M,9786000,357272.59,7861793.2137118,0.8033714708
China,Qingdao Liuting,PARLIAMENT,233400,4897.01,153367.094086491,0.6570998033
South Korea,Yangyang,MARLBORO,1200,53.99,975.654761905,0.8130456349
Poland,Rzeszow,MARLBORO,3975800,305334.99,3501436.62502584,0.8806873145
Italy,Ciampino Airport,CHESTERFIELD,231000,12159.59,190995.296012123,0.8268194633
Dominican Republic,Punta Cana - Higuey,CHESTERFIELD,177600,8522.1,144417.426750037,0.8131611867
Greece,Zakynthos,MURATTI,3600,72.48,2418.01501251,0.6716708368
Croatia,Zagreb,MARLBORO,1858400,123097.65,1607573.33105781,0.8650308497
Mexico,Monterrey,MARLBORO,680600,23741.93,523327.659691109,0.7689210398
Uzbekistan,Tashkent,PARLIAMENT,2262600,147961.08,1938103.2824465,0.8565823753
Vietnam,Ho Chi Minh,MARLBORO,5075986,268742.96,4241793.1393171,0.8356589516
Italy,Milan - Malpensa,L&M,378200,13025.92,301688.403719525,0.7976954091
Turkey,Samsun Airport,PARLIAMENT,539600,26981.1,442515.044258547,0.8200797707
China,Yanji Zhaoyangchuan,MARLBORO,158600,3741.99,109165.217273455,0.6883052792
Albania,Tirana,MARLBORO,50123000,3232023.42,43198715.6763849,0.8618541523
Brazil,Rio de Janeiro,MARLBORO,7323200,213364.78,5390441.87379046,0.7360773806
Italy,Naples,PHILIP MORRIS,94800,5448.57,81878.04472172,0.8636924549
Germany,Hamburg,L&M,504600,31622.6,442469.739753316,0.8768722548
Spain,Jerez De La Frontera,CHESTERFIELD,7000,368.96,5789.034832115,0.827004976
Guadalupe,Pointe-a-Pitre,MARLBORO,5807000,529910.01,5213694.46505591,0.8978292518
Tunisia,Sfax,PHILIP MORRIS,83200,4271.4,70707.427473155,0.8498488879
Egypt,Aswan,MERIT,120802,7629.88,103576.181956913,0.8574045294
Oman,Muscat,MARLBORO,35990200,2828057.93,31798537.0791364,0.883533214
Taiwan,Everrich Downtown Kinmen,MARLBORO,5028440,114327.68,3448448.6238411,0.6857889572
Saudi Arabia,DAMMAM,MARLBORO,14027800,1082180.94,12367168.9497111,0.8816185681
Ecuador,Quito,MARLBORO,3727000,167899.45,3021564.94064118,0.8107230858
Russia,Krasnoyarsk,MARLBORO,155400,7521.31,128036.205525497,0.8239138065
China,Nanchang Changbei,MARLBORO,19000,647.79,14315.24583344,0.7534339912
India,Chattrapati Shivaji,MARLBORO,19261131,1158587.53,16418092.070837,0.8523950162
France,Marseille,PHILIP MORRIS,927200,82259.1,840830.501964533,0.9068491177
Germany,Stuttgart,MARLBORO,1568000,127466.54,1390176.02362519,0.8865918518
Taiwan,Kaohsiung,L&M,106844,1436.55,64762.636850754,0.6061420094
Curazao,Curacao,L&M,906570,64682.56,743630.955943477,0.8202686565
Russia,Moscow - Domodedovo,MARLBORO,162400,7768.09,132563.222803903,0.8162760025
Sweden,Lulea,MARLBORO,22600,1600.56,19703.209719252,0.8718234389
Egypt,Cairo,MARLBORO,80930671,3796838.9,66164930.6240042,0.8175507481
Mexico,Ixtapa Zihuatanejo,MARLBORO,82400,4318.15,68677.954880831,0.8334703262
Spain,Madrid Barajas,MARLBORO,11817400,772129.93,10201771.1117976,0.8632838959
South Korea,Incheon,MARLBORO,90252600,3699215.25,72073417.3947258,0.7985744166
Taiwan,Taipei - Taoyuan,MARLBORO,56098822,950332.62,34690676.483787,0.6183851148
Turkey,Adana Airport,MURATTI,4600,162.32,3596.68214379,0.7818874226
Russia,Novosibirsk,MARLBORO,10200,364.95,7913.961349576,0.7758785637
Turkey,Konya Airport,EVE,15400,637.91,12524.943264401,0.8133080042
Brazil,Sao Paulo - Guarulhos,PARLIAMENT,119800,3911.63,89716.28440367,0.7488838431
Israel,Tel-Aviv,PARLIAMENT,65510400,5621955.44,58097715.0008951,0.8868472029
France,Lyon Saint Exupery,MARLBORO,5059800,441564.89,4520797.11988395,0.8934734811
Sweden,Orebro,MARLBORO,20000,1595.58,17706.238764232,0.8853119382
China,Kunming Wujiaba,MARLBORO,1472600,40067.82,1047197.70564516,0.7111216255
Vietnam,Danang,MARLBORO,3295800,170435.44,2742862.12820854,0.8322295431
Russia,Ekaterinburg,PARLIAMENT,18200,1076.74,15357.769923433,0.8438335123
Mexico,Mazatlan,L&M,2400,101.79,1990.029325513,0.8291788856
Japan,Aomori,PARLIAMENT,8000,533.01,6870.899129874,0.8588623912
Turkey,Diyarbakir Airport,PARLIAMENT,362800,21028.02,280681.473995264,0.7736534564
Germany,Hamburg,MARLBORO,2736200,212669.81,2413165.4866053,0.88194046
Morocco,Casablanca,L&M,2759400,77183.39,1895023.60269664,0.6867520485
Poland,Lodz,CHESTERFIELD,53200,2503.45,43101.000004172,0.810169173
Italy,Palermo,CHESTERFIELD,178000,9437.84,147357.673639856,0.8278520991
Taiwan,Everrich Downtown Kinmen,VIRGINIA S.,868360,16946.86,505983.041136463,0.582688103
India,Bangalore,MARLBORO,2974200,187542.58,2553169.75399785,0.8584391615
Brazil,Belo Horizonte,MARLBORO,233600,6875.15,172469.750556549,0.7383122883
Great Britain,Exeter,MARLBORO,96600,6173.63,82986.585337472,0.8590743824
Greece,Rhodes,ASSOS,9200,111.84,5407.869828728,0.5878119379
Russia,Krasnoyarsk,BOND STREET,23000,329.31,11936.034417549,0.5189580182
Spain,Reus,L&M,400200,14652.69,323115.488211999,0.807385028
Caribbean Other,Antigua,PARLIAMENT,9910,466.28,8039.310344828,0.8112321236
Caribbean Other,Port-au-Prince (Haiti),MARLBORO,363200,8694.78,251993.238615289,0.693813983
Dominican Republic,Punta Cana - Higuey,MARLBORO,21997600,1171926,18370356.9103469,0.8351073258
Jordan,Amman,MARLBORO,81569000,4321528.29,68157303.8984816,0.8355785151
Lithuania,Vilnius,MARLBORO,13286000,944580.94,11594492.6110365,0.8726849775
China,Xiamen Gaoqi,MARLBORO,2878940,75791.13,2037327.55940683,0.7076658629
Japan,Osaka - Kansai,PARLIAMENT,2563000,115927.01,2063492.5209885,0.8051082797
China,Guiyang Longdongbao,MARLBORO,2800,123.39,2252.677517672,0.8045276849
Italy,Venice,MURATTI,7800,540.62,6830.100908664,0.8756539626
Greece,Chania,MURATTI,5200,103.76,3482.328643346,0.6696785853
Curazao,Curacao,CANADIAN CLASSICS,510,56.51,510,1
Dominican Republic,Punta Cana - Higuey,L&M,2243000,101378.16,1791494.502785,0.7987046379
Brazil,Fortaleza,L&M,70600,2447.47,56313.637253156,0.7976435872
Greece,Heraklion Airport,ASSOS,9400,113.41,5508.184215863,0.5859770442
Sri Lanka,Colombo,PARLIAMENT,165043,11689.82,142946.272035528,0.8661153277
Egypt,Cairo,L&M,28986468,830937.17,22167055.0908814,0.7647380526
Mayotte,Pamandzi,PHILIP MORRIS,539533,28573.96,460637.688680031,0.8537711107
Egypt,Aswan,L&M,518150,18176.25,414842.923819347,0.8006232246
Turkey,Istanbul Asia Airport,MURATTI,305200,13220.16,247806.537768838,0.8119480268
New Zealand,Auckland,BOND STREET,6000,763.87,5433.509976171,0.905584996
Mexico,Monterrey,CHESTERFIELD,4800,113.4,3272.727272727,0.6818181818
Mexico,Mexico City,MARLBORO,16407800,556385.65,12526300.936433,0.7634357401
Argentina,Bariloche,MARLBORO,29000,824.1,21235.976876661,0.7322750647
Turkey,Eskisehir Airport,MURATTI,800,39.27,666.440390327,0.8330504879
Tunisia,Jerba,CHESTERFIELD,203200,3646.16,125862.453358079,0.6194018374
Morocco,Oujda,CHESTERFIELD,73600,2542.99,55789.03318138,0.7580031682
Russia,Makhachkala,BOND STREET,10000,152.25,5342.667649226,0.5342667649
Mexico,Mazatlan,MARLBORO,187200,9794.96,155949.131277841,0.8330615987
Australia,Cairns,BOND STREET,900,83.17,787.015035222,0.8744611502
France,Chambery,MARLBORO,120600,11372.16,108661.550631982,0.9010078825
Greece,Athens,L&M,853800,10836.54,501530.645769852,0.5874099857
French Guyana,Cayenne,L&M,1400,87.29,1227.954180064,0.8771101286
Georgia,Kutaisi,L&M,570200,9373.12,372235.046073021,0.6528148826
Central Africa,Bangui,MARLBORO,300000,21559.5,262281.02189781,0.874270073
Turkey,Diyarbakir Airport,EVE,2600,66.87,1898.056768559,0.7300218341
Japan,Iwate,MARLBORO,1000,64.27,861.528150134,0.8615281501
Russia,Moscow - Domodedovo,L&M,59600,962.44,38648.073448861,0.6484576082
Saudi Arabia,RIYADH,MARLBORO,60636800,4645834.55,53416543.6392617,0.8809261643
Canary Islands,Lanzarote,MARLBORO,11145000,728823.63,9620390.64948406,0.8632023912
Mexico,Cancun,L&M,2222200,99573.93,1858391.41202418,0.8362844983
China,Shanghai Pudong,PARLIAMENT,4908298,126461.69,3444541.94680307,0.7017793025
Colombia,Bogota,L&M,336400,9343.18,233227.167519181,0.6933031139
Croatia,Split,MARLBORO,2113000,154305.85,1851035.23301883,0.8760223535
Georgia,Kutaisi,PARLIAMENT,902200,53688.83,761996.23096015,0.8445979062
Canary Islands,Gran Canaria,MARLBORO,21400800,1392438.43,18461016.2469882,0.8626320627
Italy,Verona,PHILIP MORRIS,3000,99.91,2357.665381893,0.7858884606
Turkey,Antalya Airport,PARLIAMENT,12549600,822222.36,10734171.5033223,0.8553397322
Poland,Katowice,CHESTERFIELD,130600,5404.3,103122.541018024,0.7896059802
Cape Verde,Rabil,MARLBORO,6392400,142239.21,3487649.10141569,0.5455930639
Egypt,Marsa Aalam,L&M,3884352,140040.74,3126752.86446644,0.8049612559
Mexico,Queretaro,MARLBORO,20000,899.3,16261.912081222,0.8130956041
Brazil,Salvador,MARLBORO,593400,17332,437227.10323787,0.7368168238
Mexico,Cozumel,PARLIAMENT,11600,697.45,9812.992746768,0.8459476506
Gambia,Banjul,MARLBORO,1856800,80893.65,1498703.32740228,0.8071431104
Argentina,Cordoba,MARLBORO,510000,15209.44,378174.532524469,0.7415186912
Spain,Sevilla,L&M,155000,5537.75,124549.110441782,0.803542648
Oman,Muscat,PARLIAMENT,4706200,422221.39,4194332.7490207,0.8912355508
France,Paris Charles De Gaulle,L&M,236800,23536.16,217670.622392799,0.9192171554
Australia,Cairns,MARLBORO,12100,1782.28,11306.688105314,0.9344370335
Mali,Bamako,MARLBORO,5621200,261863.55,4600554.34423247,0.8184292223
Turkey,Adana Airport,EVE,6400,259.7,5185.088129777,0.8101700203
Russia,Volgograd,MARLBORO,14600,707.01,12031.911891109,0.8241035542
Russia,Moscow - Domodedovo,PARLIAMENT,114600,6351.85,95339.406954425,0.8319319979
Greece,Mykonos,L&M,97800,1985.08,68375.306135302,0.6991340096
France,Strasbourg,PHILIP MORRIS,3800,365.47,3472.485872881,0.9138120718
China,Shenyang Taoxian,PARLIAMENT,200200,4200.44,131551.436630124,0.6571000831
Indonesia,Soekarno Hatta,MARLBORO,10591400,718367.2,9182728.96569627,0.8669985994
Great Britain,Newcastle,MARLBORO,801400,50897.61,687557.536277717,0.8579455157
Spain,Gerona,L&M,264600,9676.59,213586.132482017,0.8072038265
Egypt,Sharm El Sheikh,MERIT,471185,27581.05,399495.643290934,0.8478530583
France,Tarbes - Lourdes,PHILIP MORRIS,2800,268.64,2558.215133426,0.9136482619
Japan,Tokyo - Haneda,MARLBORO,38167000,2425413.07,32813991.8513778,0.8597477363
Cape Verde,Praia,MARLBORO,2915000,93596.55,2033336.44597139,0.6975425201
Greece,Corfu,MARLBORO,2665000,124103.46,2179074.67102075,0.8176640417
Japan,Okayama,MARLBORO,183400,12291.48,158893.901027001,0.8663789587
Spain,Santiago De Compostela,MARLBORO,523000,34209.22,451638.55299133,0.8635536386
Egypt,Aswan,PARLIAMENT,147200,9332.1,125521.80586101,0.8527296594
France,Paris Charles De Gaulle,PHILIP MORRIS,8810400,745835.26,7951793.31866459,0.9025462316
Kazakhstan,Astana,PARLIAMENT,313600,13769.32,251008.464660368,0.800409645
Italy,Milan - Malpensa,MARLBORO,11793800,618404.38,9841959.60960994,0.8345028413
Switzerland,Basel,MURATTI,211200,17095.62,188304.363612658,0.8915926307
Italy,Naples,MERIT,253800,15677.64,216913.957067338,0.8546649215
Spain,Sevilla,PHILIP MORRIS,13600,965.91,12059.797846264,0.8867498416
Greece,Alexandoupolis,MARLBORO,999400,49306.85,826106.700856085,0.8266026625
Tanzania,Zanzibar,L&M,800000,24532,622639.593908629,0.7782994924
Martinique,Fort-de-France,PHILIP MORRIS,1813200,177219.18,1658722.49992055,0.9148039377
South Korea,Busan - Kimhae,PARLIAMENT,2459400,107638.04,1967273.18736634,0.7998996452
France,Paris Orly,PHILIP MORRIS,8810000,747764.54,7953762.54916511,0.902810732
Norway,Trondheim,L&M,11200,655.65,9745.819002712,0.870162411
Poland,Elblag,L&M,560000,30813.37,483203.565768745,0.8628635103
France,Marseille,CHESTERFIELD,88000,8231.85,78721.464695372,0.8945620988
South Korea,Jeju,MARLBORO,27031000,1077454.6,21454612.2755256,0.7937039797
Turkey,Ankara Airport,PARLIAMENT,2712200,174240.32,2315131.06514821,0.8535989474
South Korea,Incheon,VIRGINIA SLIMS,4021400,168918.91,3264339.62270515,0.8117420855
India,Cochin,MARLBORO,1877204,117642.02,1609933.22060254,0.8576229438
Turkey,Bodrum Airport,L&M,1861400,78373.65,1536606.99250794,0.825511439
South Korea,Yangyang,VIRGINIA SLIMS,1200,53.11,983.518518519,0.8195987654
Bosnia-Herzegovinia,Sarajevo,PARLIAMENT,349741,24319.45,302162.009313168,0.8639593565
Dominican Republic,Punta Cana - Higuey,CANADIAN CLASSICS,6800,487.47,6800,1
Turkey,Eskisehir Airport,PARLIAMENT,89400,4681.78,73923.950831061,0.8268898303
Morocco,Tangier,L&M,2172200,65088.32,1594515.81889017,0.7340557126
China,Nanjing Lukou,MARLBORO,1082800,44340.33,856310.894269369,0.7908301572
Singapore,Singapore - Changi,MARLBORO,63003200,3340763.36,52699762.4376751,0.8364616787
Uzbekistan,Tashkent,L&M,341240,8893.34,255581.895045539,0.7489798823
United Arab Emirates,Abu Dhabi,MARLBORO,30756800,2303001.74,27019271.6834777,0.8784812361
Greece,Heraklion Airport,MARLBORO,2846800,130916.28,2322280.47345686,0.815751185
Iraq,Basrah,MARLBORO,9910000,545692.72,8343925.382263,0.8419702707
Spain,A Coruna,MARLBORO,124600,8143.61,107587.201157251,0.8634606834
Spain,Bilbao,MARLBORO,677800,44316.32,585283.376343115,0.8635045387
Turkey,Trabzon Airport,EVE,4200,171.43,3406.3774424,0.8110422482
Uganda,Entebbe,L&M,287117,1226.64,92007.251453539,0.3204521204
Jamaica,Montego Bay,PARLIAMENT,82800,4492.01,68895.858895706,0.8320755905
Turkey,Konya Airport,MURATTI,1200,38.62,917.939727198,0.7649497727
Great Britain,Birmingham,MARLBORO,2720200,172763.5,2334287.54352841,0.858130852
China,Wuhan Tianhe,MARLBORO,1332500,39297.09,971584.324659235,0.7291439585
Jordan,Aqaba,MARLBORO,244000,14003.79,206586.611311689,0.8466664398
Turkey,Diyarbakir Airport,MURATTI,13200,435.78,10152.976459309,0.7691648833
Switzerland,Zurich,PHILIP MORRIS,2073000,162234.62,1857690.27001032,0.896136165
Switzerland,Zurich,MURATTI,1049800,81626.11,931847.872229829,0.8876432389
Belgium,Charleroi,L&M,141400,10479.36,126491.553096299,0.8945654392
Turkey,Kayseri Airport,PARLIAMENT,925400,58334.4,787022.399645834,0.850467257
Azerbaijan,Baku,PARLIAMENT,6154000,282633.2,4969251.0294905,0.8074831052
Spain,Reus,PHILIP MORRIS,400,28.89,355.350553506,0.8883763838
France,Grenoble,MARLBORO,153600,14174.08,138080.294980742,0.8989602538
Mayotte,Pamandzi,MARLBORO,6843617,409891.32,5835235.36749705,0.8526537016
Canary Islands,Lanzarote,L&M,3689600,142613.2,3009505.3780057,0.8156725331
Argentina,Buenos Aires Aeroparque,PHILIP MORRIS,224800,6889.5,173446.528839873,0.771559292
Turkey,Samsun Airport,MURATTI,9000,409.94,7398.342139306,0.8220380155
Great Britain,Glasgow,MARLBORO,1219800,76798.04,1045320.92032546,0.8569609119
Turkey,Istanbul Airport,MARLBORO,132885200,7339621.31,111926496.474834,0.8422796254
Dominican Republic,Puerto Plata,L&M,151600,6171.47,124712.759131549,0.8226435299
Martinique,Fort-de-France,MARLBORO,4625400,419395.83,4150418.47623677,0.8973101734
Brazil,Viracopos,L&M,28800,933.65,22655.649276279,0.7866544888
Iraq,Baghdad,MARLBORO,36910000,2032443.68,31077120.4892966,0.841970211
Bangladesh,Zia,MARLBORO,1924481,121434.72,1651962.21591965,0.8583936219
Poland,Poznan-Lawica,CHESTERFIELD,462800,18847.89,364201.010340197,0.7869511892
Egypt,Sharm El Sheikh,MARLBORO,7408970,421339.29,6263877.47225371,0.8454451121
Italy,Genoa,CHESTERFIELD,24000,659.47,17127.422653638,0.7136426106
Ireland,Shannon,L&M,34917,2401.25,30981.896007006,0.8873012002
Netherlands,Eindhoven,L&M,47000,4354.68,42950.789260517,0.91384658
South Africa,Johannesburg,L&M,1108800,27030.66,816311.291745376,0.7362114825
Kuwait,Kuwait,PHILIP MORRIS,29376400,1865624.58,25705058.2541699,0.8750241096
Turkey,Kayseri Airport,MARLBORO,2310800,152285.35,1993990.34787653,0.8629004448
Bulgaria,Bourgas,MARLBORO,1137400,49311.4,918447.530980579,0.8074973896
Turkey,Konya Airport,LARK,600,19.46,472.330097087,0.7872168285
Ireland,Cork,MARLBORO,1011200,72181.29,882906.956843398,0.8731279241
Mexico,Mexico City,CHESTERFIELD,181600,4290.22,123815.873015873,0.6818054681
Greece,Aktio,L&M,64000,1303.56,44791.297622099,0.6998640253
Colombia,Cali,MARLBORO,2837605,126156.43,2292738.70423009,0.8079837413
China,Shenyang Taoxian,MARLBORO,1705200,44600.89,1206364.55400904,0.7074622062
South Korea,Daegu,PARLIAMENT,1185000,61788.76,979358.738101891,0.8264630701
Turkey,Antalya Gazipasa Airport,PARLIAMENT,159800,12275.94,139793.327851055,0.8748018013
Switzerland,Basel,MARLBORO,13962400,922585.82,12058795.3924115,0.8636620776
Brazil,Rio de Janeiro,CHESTERFIELD,54600,1882.45,41370.19610053,0.7576958993
Italy,Milan - Malpensa,PHILIP MORRIS,310200,10556.03,244918.370302446,0.789549872
Sweden,Malmo,L&M,5000,278.28,4321.714790035,0.864342958
Lebanon,Beirut - Rafik Hariri,L&M,878800,15746.59,590270.720612429,0.6716781072
Azerbaijan,Baku,L&M,429200,12988.56,333051.613933337,0.7759823251
Russia,Makhachkala,MARLBORO,10000,490.03,8258.283056389,0.8258283056
Russia,Sochi,L&M,117000,1707.87,73108.428866404,0.6248583664
Italy,Venice,MARLBORO,3583600,214321.86,3052780.93456416,0.8518754701
Turkey,Eskisehir Airport,L&M,19200,827.32,15959.152571145,0.8312058631
Poland,Olsztyn,CHESTERFIELD,5840,274.55,4729.898311942,0.8099140945
Poland,Elblag,MARLBORO,75600,6183.44,67083.346091178,0.8873458478
China,Zhengzhou Xinzheng,MARLBORO,926000,34032.49,717235.162291,0.7745520111
France,Nice,L&M,37600,3602.14,34458.224634086,0.9164421445
Lithuania,Kaunas,MARLBORO,10927000,775265.51,9532495.33779662,0.8723799156
South Korea,Cheongju,PARLIAMENT,701800,30277.88,559738.547624093,0.797575588
Japan,Sendai,LARK,3200,194.2,2796.13048369,0.8737907762
Saudi Arabia,RIYADH,L&M,4007000,239641.17,3496274.34546833,0.8725416385
Tunisia,Jerba,MERIT,82000,4417.63,68620.388787228,0.8368340096
Mexico,Los Cabos,PARLIAMENT,82200,4969.09,69595.098039216,0.8466556939
South Korea,Jeju,VIRGINIA SLIMS,6128800,241106.18,4912354.4319882,0.8015197807
Czech Republic,Ostrava,L&M,42800,3969.55,39116.159574355,0.913928962
Bahrain,Manama,PARLIAMENT,4666200,423605.38,4163682.90583563,0.8923069962
Turkey,Samsun Airport,LARK,2000,87.21,1665.266373878,0.8326331869
Italy,Torino,CHESTERFIELD,42200,2001.04,34238.955294967,0.8113496515
Great Britain,London City,MARLBORO,854600,72061.69,761011.211789389,0.8904881954
Australia,Sydney,PETER JACKSON,32327,3861.83,28919.889364978,0.8946047999
Guatemala,Guatemala City,MARLBORO,4225600,197246.87,3444499.27314365,0.8151503392
France,Lyon Saint Exupery,PHILIP MORRIS,1341800,116647.61,1214366.78836374,0.9050281624
Vietnam,Haiphong,MARLBORO,268600,12752.14,220524.381313456,0.8210140779
Spain,Mahon Airport,L&M,367200,13431.36,296416.393321035,0.8072341866
Germany,Cologne,L&M,527199,36806.2,468313.730272426,0.8883054222
Germany,Duesseldorf,L&M,1005000,62434.76,880314.680210656,0.8759350052
Morocco,Agadir,L&M,5671400,161186.11,3951697.64699198,0.6967763951
Turkey,Ankara Airport,EVE,41000,2524.64,35515.973744798,0.8662432621
Greece,Corfu,MURATTI,7800,157.49,5243.84017758,0.6722872023
Spain,Almeria,CHESTERFIELD,11400,600.85,9427.822280948,0.8270019545
South Africa,Durban,L&M,32800,786.19,24039.350560509,0.7329070293
Germany,Dresden,MARLBORO,220000,19588.44,197117.618232239,0.8959891738
Kazakhstan,Almaty,PARLIAMENT,1235200,67350.37,1028055.00769949,0.8322984194
Italy,Palermo,PHILIP MORRIS,31400,1808.53,27127.734014857,0.8639405737
China,Shanghai Hongqiao,PARLIAMENT,545372,14051.44,382730.611172877,0.7017789897
Burundi,Bujumbura,L&M,200,-2.79,0,0
Qatar,Doha,PHILIP MORRIS,8372160,751389.45,7603689.43159117,0.9082111942
Ireland,Dublin,L&M,306400,20602.15,271172.801008312,0.8850287239
Brazil,Porto Alegre,MARLBORO,45400,1323.09,33411.402457817,0.7359339748
Nigeria,Lagos,MARLBORO,782400,29231.29,612184.393456881,0.7824442657
Egypt,Luxor,MARLBORO,802101,43602.41,673278.6272242,0.839393826
Curazao,Curacao,MARLBORO,8336840,742165.58,7464249.48296156,0.8953331818
Egypt,Alexandria,L&M,877708,30951.13,703444.870944024,0.8014566017
Germany,Munich,MARLBORO,6204600,444301.15,5416752.2452423,0.873021991
Germany,Bremen,L&M,31400,2347.38,28114.996559415,0.895382056
Malaysia,Johor Bahru,SAMPOERNA A,120000,2205.54,44839.440914867,0.3736620076
Colombia,Cali,L&M,53201,1654.88,32961.183432428,0.6195594713
Australia,Melbourne,MARLBORO,265639,38356.49,247894.422417663,0.9332004051
Taiwan,Taichung,PARLIAMENT,338160,7345.34,224832.6406668,0.6648705958
Panama,Panama Tocumen,MARLBORO,6221000,269833.15,5012500.18625316,0.8057386572
Iraq,Erbil International Airport,MARLBORO,10865000,595192.41,9140522.53340363,0.8412814113
Brazil,Porto Alegre,L&M,4600,143.4,3585.797932163,0.7795212896
Tunisia,Monastir,MERIT,135000,7554.95,113663.598989427,0.8419525851
Paraguay,Asuncion Silvio Petterossi,MARLBORO,695994,29975.37,560993.284748045,0.806031783
Italy,Milan - Malpensa,MERIT,384600,21015.89,322588.048130914,0.8387624756
United Arab Emirates,Ras El Khaymah,MARLBORO,14472000,1108750.22,12750975.3760602,0.8810790061
Georgia,Tbilisi,PARLIAMENT,2780200,164830.59,2346806.90725871,0.8441144188
Dominican Republic,Punta Cana - Higuey,PARLIAMENT,475400,29610.66,404326.316022278,0.8504970888
Albania,Tirana,L&M,6908600,202380.29,5321755.43885575,0.7703088091
Russia,Makhachkala,L&M,2400,103.75,1996.632186673,0.8319300778
Italy,Bari,CHESTERFIELD,71000,3387.43,57672.201996643,0.8122845352
Jamaica,Kingston,MARLBORO,693583,37278.12,580938.194712654,0.837590014
China,Ningbo Lishe,PARLIAMENT,10800,226.94,7100.296455117,0.657434857
Ecuador,Quito,CHESTERFIELD,25000,944.35,19351.43442623,0.774057377
Indonesia,Ngurah Rai,MARLBORO,14867000,740997.17,12309979.0132412,0.828006929
Morocco,Essaouira,L&M,333200,8953.95,221799.31444959,0.665664209
France,Nantes,PHILIP MORRIS,346000,30938.78,314038.076621727,0.9076244989
South Korea,Cheongju,MARLBORO,1094200,49016.07,888826.556378691,0.8123072166
Panama,Panama Tocumen,CHESTERFIELD,12000,453.29,9288.729508197,0.7740607923
Spain,Santiago De Compostela,CHESTERFIELD,111800,6980.81,95021.410952266,0.8499231749
Turkey,Gaziantep Airport,MARLBORO,1448600,71008.93,1195860.41551072,0.8255283829
Greece,Kos,L&M,460200,9354.57,321884.412061538,0.6994446155
Japan,Fukuoka,MARLBORO,7450600,511041.87,6472410.1901262,0.8687099281
Italy,Naples,CHESTERFIELD,444800,23522.65,368063.711012654,0.8274813647
Senegal,Leopold Sedar Senghar,MARLBORO,8565400,394208.5,6980331.84654023,0.8149452269
China,Mudanjiang Hailang,MARLBORO,10800,276.57,7576.562190245,0.7015335361
Russia,Samara,MARLBORO,3000,178.97,2556.957805505,0.8523192685
Sweden,Umea,MARLBORO,8000,586.69,7006.313120983,0.8757891401
Poland,Bydgoszcz,CHESTERFIELD,152800,6184.78,120088.526472014,0.7859196759
Italy,Bergamo,PHILIP MORRIS,33800,1147.49,26673.517781125,0.7891573308
China,Jinan Xiaoqiang,MARLBORO,331580,9813.65,241991.47750389,0.7298132502
Morocco,Casablanca,CHESTERFIELD,564200,19151.74,425867.383709651,0.7548163483
Argentina,Rosario,MARLBORO,44800,1382.51,33510.696405429,0.7480066162
China,Xian Xianyang,MARLBORO,1788272,49209.69,1275904.94247339,0.7134848292
Georgia,Tbilisi,MARLBORO,5283400,271076.48,4396856.50999832,0.8322020877
Japan,Sendai,MARLBORO,218200,14628.98,189049.623754281,0.8664052418
Czech Republic,Prague,MARLBORO,7188400,803315.97,6577839.85527594,0.9150631372
Norway,Stavanger,PETTEROE'S,361100,35717.66,330702.28683043,0.9158191272
Mexico,Guadalajara,CANADIAN CLASSICS,1400,93.17,1400,1
Egypt,Sharm El Sheikh,L&M,2483396,88186.1,1993092.93440567,0.8025675061
China,Zhengzhou Xinzheng,PARLIAMENT,48200,1565.18,36046.438124376,0.7478514134
Uruguay,Montevideo,MARLBORO,507000,25301.92,420016.942026993,0.8284357831
Tunisia,Enfidha,MERIT,43000,2390.69,36166.50365888,0.8410814804
Greece,Athens,MURATTI,33200,462.99,19463.460588794,0.5862488129
Austria,Salzburg,CHESTERFIELD,69200,3375.92,56443.577351408,0.8156586322
China,Yantai Penglai,PARLIAMENT,72000,1510.64,47310.992796411,0.6570971222
China,Hefei Xinqiao,MARLBORO,455400,13080.88,331590.3934361,0.7281299812
Japan,Miyazaki,MARLBORO,16400,1034.24,14090.765778556,0.8591930353
Malaysia,Kota Kinabalu,MARLBORO,1104800,57772.54,922157.762104133,0.8346829852
South Africa,Durban,MARLBORO,255200,10361.41,203382.306601665,0.7969526121
Italy,Florence,L&M,40600,1391.56,32354.575454796,0.7969107255
Japan,Hiroshima,LARK,23200,1366.87,20195.229356639,0.870484024
Namibia,Windhoek,MARLBORO,834800,35905.61,672144.218585128,0.8051559878
Kazakhstan,Astana,L&M,161400,1673.66,87604.42339034,0.5427783358
Italy,Milan - Malpensa,MURATTI,140600,8473.45,120862.134836932,0.8596168907
Morocco,Tangier,CHESTERFIELD,355600,12317.6,269710.513274277,0.7584660103
Italy,Genoa,MARLBORO,318000,16966.52,266287.166150526,0.8373810256
Gibraltar,Gibraltar,CHESTERFIELD,77991,3565.62,62837.037742439,0.8056960129
Malaysia,Kuala Lumpur,SAMPOERNA A,1632600,10408.33,279917.715500375,0.171455173
Poland,Lublin,MARLBORO,3525920,271799.34,3108020.78370042,0.8814779642
Turkey,Konya Airport,MARLBORO,252600,10271.13,201061.116554245,0.7959664155
French Guyana,Cayenne,MARLBORO,2472800,169963.62,2148179.05740984,0.8687233328
Finland,Helsinki-Vantaa,L&M,528200,44350.92,478429.863847641,0.9057740701
Norway,Trondheim,PETTEROE'S,203500,20137.02,186375.589007309,0.9158505602
Russia,Moscow - Vnukovo,PARLIAMENT,79000,3250.91,62396.145716361,0.7898246293
France,Strasbourg,MARLBORO,99400,9232.02,89406.692667054,0.8994637089
Morocco,Oujda,PHILIP MORRIS,1984600,102453.57,1686821.32452931,0.8499553182
South Korea,Muan,VIRGINIA SLIMS,31600,1349.03,25727.806886996,0.814171104
Finland,Helsinki-Vantaa,MARLBORO,770600,84674.37,704350.848796615,0.9140291316
Italy,Venice,CHESTERFIELD,229200,12121.08,189659.319093532,0.8274839402
Mexico,Guadalajara,PARLIAMENT,14400,594.92,11383.305429323,0.7905073215
Panama,Panama Tocumen,PARLIAMENT,54600,1998.43,42027.970557308,0.7697430505
Bulgaria,Sofia,MARLBORO,10706600,221806.93,7141146.70355966,0.6669854766
India,Indira Gandhi,MARLBORO,32748671,1998705.03,27971422.5338709,0.8541238982
Greece,Zakynthos,MARLBORO,1286400,61048.46,1055260.35219613,0.8203205474
Denmark,Faroe Islands,MARLBORO,200000,18622.04,180018.133604701,0.900090668
Taiwan,Taichung,MARLBORO,1005680,22865.32,689683.812202605,0.6857885333
"Congo, Rep. Dem.",Kinshasa,MARLBORO,2100000,150576.12,1835297.1474117,0.8739510226
China,Nanning Wuxu,MARLBORO,1825500,70434.72,1422391.73281347,0.7791792565
Brazil,Rio de Janeiro,L&M,358600,12020.18,283978.147334212,0.7919078286
Netherlands,Amsterdam - Schiphol,MARLBORO,13132200,1244226.12,11828708.4314446,0.9007408074
Turkey,Dalaman Airport,L&M,3338800,140308.68,2755915.99554736,0.825421108
Italy,Naples,MARLBORO,4489400,263476.85,3813647.32188408,0.8494781757
India,Hyderabad,MARLBORO,6000292,370520.1,5135079.99558961,0.8558050168
Netherlands,Eindhoven,MARLBORO,356800,39361.04,326236.443956657,0.9143398093
Morocco,Nador,L&M,686200,20119.33,495491.505531137,0.7220803053
Japan,Chubu,MARLBORO,7423000,459717.99,6358852.84444626,0.8566419028
Australia,Brisbane,MARLBORO,237439,34724.19,221766.841469974,0.9339950112
Greece,Rhodes,L&M,1375000,26726.84,948327.901587324,0.6896930193
United Arab Emirates,Abu Dhabi,L&M,2476400,152559.89,2168298.40433436,0.875584883
Greece,Ioannina,L&M,1800,36.82,1261.406320851,0.7007812894
France,Paris Charles De Gaulle,MARLBORO,38753000,3388025.08,34616781.9473082,0.8932671522
Latvia,Riga,L&M,1615600,100743.45,1417095.43973187,0.8771326069
Caribbean Other,Basseterre (Saint Kitts),L&M,400,11.13,304.514363885,0.7612859097
Mexico,Cancun,MARLBORO,33467200,1694854.86,27724198.6257808,0.828399108
Mexico,La Paz Manuel Marquez de Leon,MARLBORO,453800,22743.98,375208.288806526,0.8268142107
Saudi Arabia,Jeddah,PARLIAMENT,4291200,386567.35,3826147.17962142,0.8916263935
Spain,Valencia,MARLBORO,1743400,115183.32,1507356.76309832,0.8646075273
Australia,Perth,LONGBEACH,51000,5712.46,45853.444203407,0.8990871412
Denmark,Aarhus,MARLBORO,94052,7843.23,83612.017522895,0.8889977621
Curazao,Curacao,PARLIAMENT,17890,1625.32,15965.832857457,0.8924445421
Italy,Ciampino Airport,MARLBORO,2227200,131216.47,1893080.18048166,0.8499821213
Germany,Munster-Osnabruck,MARLBORO,824549,70589.39,735292.742069977,0.8917514206
Turkey,Dalaman Airport,MURATTI,11400,514.62,9228.581303578,0.8095246758
Turkey,Istanbul Asia Airport,L&M,5732200,255777.6,4783525.49844118,0.8345008022
China,Xian Xianyang,PARLIAMENT,71667,1503.66,47092.540038075,0.6571021535
Barbados,Bridgetown,L&M,16551,0,0,0
Iraq,Baghdad,PARLIAMENT,3410000,202326.29,2878778.20779147,0.8442164832
Madagascar,Tulear,MARLBORO,795057,45709.94,673874.989992277,0.8475807269
Italy,Milan - Linate,CHESTERFIELD,69000,2077.41,50489.017876712,0.7317248968
Turkey,Izmir Airport,EVE,127000,7870.89,110107.841690166,0.8669908795
United Arab Emirates,Abu Dhabi,PHILIP MORRIS,565600,47183.86,510133.226185797,0.901932861
Kyrgyzstan,Manas,L&M,151600,3901.01,113178.871925124,0.7465624797
Bulgaria,Sofia,L&M,1456200,27573.71,996511.554568586,0.684323276
Austria,Graz,MARLBORO,167000,12121.42,146141.046345816,0.8750960859
Japan,Okayama,PARLIAMENT,27400,1816.86,23517.00120462,0.8582847155
Russia,Volgograd,PARLIAMENT,195800,10190.49,161768.775173885,0.8261939488
Russia,Astrakhan,BOND STREET,4000,56.41,2060.639269406,0.5151598174
United Arab Emirates,Sharjah,PHILIP MORRIS,356400,28103.21,319632.678536325,0.8968369207
Egypt,Cairo,MERIT,6717994,366499.78,5631405.90208446,0.8382570604
Japan,Kagoshima,MARLBORO,58400,3857.74,50498.133411942,0.8646940653
France,Marseille,MARLBORO,5300600,467126.32,4740562.72975647,0.8943445515
"Congo, Rep. Dem.",Kinshasa,L&M,20000,653.3,15780.193236715,0.7890096618
Mauritania,Nouakchott,L&M,3600,89.14,2661.336864067,0.73926024
Poland,Warsaw,MARLBORO,21624900,1594055.77,18953933.6301841,0.8764865331
India,Chattrapati Shivaji,L&M,539913,23178.05,448629.973293717,0.8309301189
Italy,Ciampino Airport,PHILIP MORRIS,26600,1518.45,22952.941939991,0.8628925541
Morocco,Ouarzazate,CHESTERFIELD,16400,576.62,12484.907055344,0.7612748204
India,Indira Gandhi,L&M,1009409,40956.72,828970.290869089,0.8212432135
Poland,Warsaw,CHESTERFIELD,1112600,42440.6,863109.068666306,0.7757586452
Brazil,Brasilia,CHESTERFIELD,1400,49.24,1065.800865801,0.7612863327
Morocco,Agadir,PHILIP MORRIS,4076400,209373.12,3462063.7008028,0.8492944021
Turkey,Bodrum Airport,MARLBORO,5495200,422045.86,4840853.76919766,0.8809240372
Spain,Malaga,L&M,2031000,73204.62,1634818.88599397,0.8049329818
Great Britain,Edinburgh,MARLBORO,2734600,172272.88,2344016.5189085,0.8571697941
Tunisia,Tozeur,MERIT,5000,283.61,4218.754648499,0.8437509297
Portugal,Madeira,L&M,492600,31580.42,433531.970963925,0.880089263
Poland,Radom,L&M,7000,367.66,6001.769452758,0.8573956361
Morocco,Nador,PHILIP MORRIS,539600,27353.65,457358.763529146,0.8475885165
Poland,Warsaw-Modlin,CHESTERFIELD,289820,14065.78,236167.3666932,0.8148760151
Serbia,Nis,MARLBORO,1046000,45030.94,843495.559554047,0.8064011086
Tunisia,Tunis,CHESTERFIELD,210200,4309.71,136690.282302591,0.6502867855
Taiwan,Taichung,VIRGINIA S.,173668,3389.28,101194.24461243,0.5826879138
Caribbean Other,Antigua,MARLBORO,386093,17998.08,313903.050650919,0.8130244543
Spain,Palma De Mallorca,CHESTERFIELD,157400,8370.56,130370.556134419,0.8282754519
Mongolia,Ulaanbaatar,L&M,4600,111.07,3377.773370356,0.7342985588
Dominican Republic,Samana El Catey,MARLBORO,156800,6841.33,126379.626918009,0.8059925186
Brazil,Recife,MARLBORO,286600,8494.89,211961.886205342,0.7395739226
Serbia,Belgrade,L&M,1503200,52268.84,1201401.88564154,0.7992295674
Japan,Naha,PARLIAMENT,131200,8766.03,112727.450809032,0.8592031312
India,Cochin,L&M,199798,8599.87,166092.013337733,0.8312996794
Mexico,La Paz Manuel Marquez de Leon,L&M,4000,189.91,3378.430064487,0.8446075161
Italy,Verona,MERIT,39200,2145.34,32887.645818913,0.8389705566
Norway,Oslo,PETTEROE'S,757600,74861.68,693765.609281783,0.9157413005
Cape Verde,Espargos,MARLBORO,11288800,294139.07,6805316.83907609,0.6028379313
Kuwait,Kuwait,PARLIAMENT,31207600,1959482.43,26562091.4020109,0.851141754
Belgium,Brussels,MARLBORO,6677200,517717.77,5891844.33732846,0.8823824863
Gabon,Gabon,MARLBORO,1230000,56009.74,1001225.048274,0.8140041043
Japan,Chubu,LARK,380600,21426.49,329321.209382341,0.865268548
Japan,Komatsu,LARK,11600,682.85,10096.567371547,0.8703937389
China,Hohhot Baita,PARLIAMENT,31400,658.82,20633.301416318,0.6571115101
Morocco,Oujda,L&M,810400,24224.55,599865.129012524,0.7402086982
Japan,Takamatsu,MARLBORO,109200,7219.91,94435.904968127,0.8647976645
Montenegro,Podgorica,MARLBORO,4740000,308319.43,4090131.84621302,0.862897014
Rwanda,Kigali,MARLBORO,490000,8610.48,238109.915940449,0.485938604
Spain,Murcia,MARLBORO,1130600,76208.1,980293.029297864,0.8670555716
France,Lille,PHILIP MORRIS,35400,3345.76,32296.394224073,0.9123275205
Mexico,Cancun,PARLIAMENT,928000,55874.67,785213.775758448,0.8461355342
India,Indira Gandhi,PARLIAMENT,479913,34983.45,417244.272242428,0.8694164822
Cameroon,Douala,MARLBORO,595200,26152.2,481433.673943234,0.8088603393
Turkey,Cukurova Airport,MARLBORO,655800,43802.22,566931.03656201,0.8644877044
Macedonia,Ohrid,MARLBORO,519200,30252.09,440968.888256454,0.8493237447
Peru,Lima,CHESTERFIELD,64000,2481.58,49830.923694779,0.7786081827
Mexico,Monterrey,PARLIAMENT,7000,289.46,5534.608030593,0.7906582901
France,Bordeaux,PHILIP MORRIS,219200,20266.85,199572.390706459,0.9104579868
Colombia,Bogota,CHESTERFIELD,93000,2818.51,68191.532037774,0.73324228
France,Paris Orly,L&M,112800,10697.51,103286.720232547,0.9156624134
United Arab Emirates,Dubai,PARLIAMENT,40086200,3180942.65,35221745.3949735,0.8786501438
Hong Kong,Hong Kong,MARLBORO,83231540,2479881.6,61483610.0213091,0.738705664
Turkey,Diyarbakir Airport,L&M,96400,2725.89,73618.380864119,0.76367615
El Salvador,San Salvador Comalapa,L&M,83600,1620.15,45941.277484434,0.549536812
Turkey,Adana Airport,PARLIAMENT,218200,8351.55,169532.932217596,0.7769611926
Norway,Oslo,L&M,324500,18916.78,282213.564975836,0.8696874113
China,Xuzhou Guanyin,PARLIAMENT,400,8.39,262.803445576,0.6570086139
Portugal,Faro Airport,MARLBORO,6947400,537927.09,6128432.37917534,0.8821188328
Russia,St. Petersburg Pulkovo,PARLIAMENT,35000,1437.45,27633.096455196,0.7895170416
Switzerland,Basel,CHESTERFIELD,355800,21934.63,301820.953981666,0.8482882349
Spain,Mahon Airport,PHILIP MORRIS,10400,749.03,9236.757730981,0.8881497818
Brazil,Recife,CHESTERFIELD,2200,77.38,1674.891774892,0.7613144431
Kuwait,Kuwait,MARLBORO,125593000,5753304.45,101960274.013182,0.8118308665
Greece,Athens,MARLBORO,11871800,459555.6,9354389.90433029,0.7879504291
Italy,Bologna,MARLBORO,1543800,86214.56,1301229.06145442,0.8428741168
Taiwan,Taipei - Taoyuan,L&M,1233980,-7377.47,-6232514.78785542,-5.050742142
Russia,Moscow - Vnukovo,L&M,114200,1709.93,72031.19681418,0.6307460316
Poland,Gdansk,CHESTERFIELD,839520,38441.74,676604.498585926,0.8059420843
Netherlands,Amsterdam - Schiphol,L&M,1045200,89268.79,948223.958352177,0.9072177175
Morocco,Marrakech,CHESTERFIELD,1872600,63547.52,1413338.71372148,0.7547467231
Switzerland,Geneva,MARLBORO,15817800,1184950.56,13888215.1837462,0.8780118085
South Korea,Jeju,PARLIAMENT,14394600,593398.71,11370870.0311933,0.7899399797
Chile,Santiago Arturo Merino Benitez,MARLBORO,4001400,170953.13,3214572.40634003,0.8033619249
Greece,Thessaloniki,MARLBORO,2028600,87174.08,1632363.51093468,0.8046749043
Portugal,Madeira,MARLBORO,2497000,194255.73,2203936.56264519,0.8826337856
Poland,Rzeszow,L&M,4326400,209923.37,3666120.92679969,0.8473837201
Canary Islands,Gran Canaria,L&M,7673600,296368.77,6258219.5023409,0.8155519577
Morocco,Agadir,CHESTERFIELD,469600,16091.81,355262.527957387,0.7565215672
Netherlands,Rotterdam,MARLBORO,264000,29153.52,241406.863673087,0.9144199382
South Korea,Jeju,LARK,5000,268.72,4298.83218685,0.8597664374
Ivory Coast,Abidjan,L&M,30600,527.67,16126.833742105,0.5270207105
Australia,Melbourne,LONGBEACH,67506,7949.68,60994.768850006,0.90354589
Philippines,Kalibo,MARLBORO,45400,1271.5,33162.387761424,0.7304490696
Turkey,Antalya Airport,EVE,167600,12205.1,148244.557257413,0.8845140648
China,Shanghai Pudong,MARLBORO,71490637,2428989.47,54583636.4159862,0.7635074844
Brazil,Fortaleza,MARLBORO,1777400,51366.62,1306257.300012,0.734925903
Martinique,Fort-de-France,CHESTERFIELD,133000,11247.18,117659.312945974,0.8846564883
Turkey,Antalya Gazipasa Airport,MARLBORO,1729000,134397,1525293.18184235,0.8821822914
China,Fuzhou Changle,MARLBORO,117400,3315.46,83956.29298972,0.715130264
France,Montpellier,MARLBORO,2123200,181270.07,1893366.05386774,0.8917511557
Greece,Samos,MARLBORO,16800,813.03,13836.516072361,0.8236021472
Morocco,Essaouira,MARLBORO,3532600,181682.72,2940354.95426371,0.8323486821
Poland,Warsaw-Modlin,L&M,5386040,280638.56,4612613.29557614,0.8564016041
Austria,Vienna,CHESTERFIELD,878400,43014.78,716973.66640471,0.8162268516
Egypt,Asyut,MERIT,94297,5834.65,80612.028296773,0.8548737319
El Salvador,San Salvador Comalapa,PARLIAMENT,22400,713.47,16669.859813084,0.7441901702
Turkey,Antalya Airport,MURATTI,117600,5649.85,97325.899841327,0.8276011891
Taiwan,Taipei - Taoyuan,PARLIAMENT,18799252,303877.94,11206885.1727637,0.596134632
Egypt,Marsa Aalam,MERIT,362444,21275.47,307430.661098402,0.848215617
Sri Lanka,Colombo,MARLBORO,9756419,576083.5,8293527.34810575,0.8500585459
Great Britain,London Gatwick,MARLBORO,11327600,725902.99,9734472.2095446,0.8593587529
Greece,Santorini,L&M,178200,3626.03,124679.521034343,0.6996606119
Spain,Alicante,CHESTERFIELD,208000,10866.59,171753.010093549,0.8257356254
Bahrain,Manama,L&M,2904600,200931.45,2577406.17632831,0.8873532247
Cambodia,Phnom Penh,MARLBORO,2187000,90407.95,1744965.05425473,0.7978806832
Portugal,Porto,MARLBORO,6942600,529918.66,6114012.81033668,0.8806517458
Dominican Republic,Puerto Plata,MARLBORO,1653200,72464.61,1332546.24365351,0.8060405539
Russia,Volgograd,L&M,20600,888.35,17105.408689083,0.8303596451
Turkey,Dalaman Airport,PARLIAMENT,821000,63176.65,718370.73912702,0.8749948101
Russia,Ekaterinburg,MARLBORO,18400,1114.16,15715.28785211,0.8540917311
Tunisia,Sfax,MERIT,22400,1273.13,18905.949271423,0.8440155925
Great Britain,Norwich,MARLBORO,82600,5585.51,71561.723574254,0.8663646922
France,Lyon Saint Exupery,CHESTERFIELD,119400,11116,106757.203749442,0.8941139342
Iraq,Erbil International Airport,PARLIAMENT,1663000,98167.47,1402811.63739488,0.8435427765
China,Dalian Zhoushuizi,MARLBORO,416080,9231.7,282750.386323045,0.6795577445
Taiwan,Everrich Downtown Kinmen,PARLIAMENT,1690780,36726.16,1124148.84165362,0.6648699663
Poland,Katowice,L&M,8595000,409164.1,7261991.79958534,0.8449088772
Australia,Perth,MARLBORO,83575,11696.91,77827.216874372,0.931226047
Italy,Ciampino Airport,L&M,337000,19343.21,292489.270362259,0.8679206836
Spain,Granada,MARLBORO,37000,2497.1,32086.368962199,0.8671991611
Portugal,Lisbon,L&M,1783000,114313.72,1569210.01716217,0.8800953545
Germany,Munich,L&M,1307000,76091.12,1135180.53744358,0.8685390493
Macau,Macau,MARLBORO,8818400,468396.11,7374650.24574316,0.8362798519
Morocco,Fes,MARLBORO,24994000,1213301.47,20599477.2315559,0.8241768917
Madagascar,Tulear,L&M,372944,9792.04,279843.748813001,0.7503639925
Canary Islands,Fuerteventura,MARLBORO,9791200,641470.01,8454340.21387764,0.8634631316
Italy,Naples,L&M,456600,26494.8,396860.465487569,0.869164401
Costa Rica,Liberia,MARLBORO,323000,22517.93,281298.313554029,0.8708926116
Australia,Brisbane,LONGBEACH,71106,8371.39,64245.786278266,0.9035213101
Bulgaria,Varna,MARLBORO,596200,25667.97,480777.950650489,0.8064038085
Brazil,Salvador,PARLIAMENT,3200,104.48,2396.330275229,0.748853211
Dominican Republic,Punta Cana - Higuey,PHILIP MORRIS,200,8.03,163.045685279,0.8152284264
Macedonia,Skopje,MARLBORO,9517000,552100,8077688.14973318,0.8487641221
Japan,Oita,MARLBORO,17600,1159.23,15212.13855242,0.8643260541
Italy,Naples,MURATTI,18800,1310.4,16473.870391794,0.8762697017
Laos,Vientiane,L&M,10000,272.29,7571.182293405,0.7571182293
Brazil,Natal,L&M,12000,416.07,9571.73730419,0.7976447753
Georgia,Batumi,PARLIAMENT,1621000,95677.72,1367359.78972125,0.8435285563
Reunion,Roland Garros,PHILIP MORRIS,3666400,211739.55,3168718.44096352,0.8642587936
Armenia,Yerevan,MARLBORO,23200,827.95,17986.524999769,0.77528125
Germany,Nuernberg,L&M,77330,5015.08,68094.921280589,0.880575731
Morocco,Fes,CHESTERFIELD,188800,6616.29,143599.46546382,0.7605903891
Mexico,Mazatlan,CHESTERFIELD,200,9.19,161.369622476,0.8068481124
Spain,Palma De Mallorca,PHILIP MORRIS,57800,4180.59,51359.145311135,0.8885665279
Turkey,Ankara Airport,MARLBORO,7707800,483339.17,6609310.44127254,0.8574833858
Turkey,Adana Airport,MARLBORO,307000,12325.67,243907.068887686,0.7944855664
Oman,Muscat,L&M,3547600,222823.28,2998372.40513002,0.8451833367
Japan,Chitose,MARLBORO,2601600,167515.99,2241717.06242005,0.8616686126
Poland,Olsztyn,L&M,680320,32362.93,574760.470797156,0.8448384154
Poland,Wroclaw,L&M,9420800,456520.24,7981452.62017903,0.8472160135
Turkey,Trabzon Airport,L&M,291400,9369.56,228681.065249016,0.7847668677
Poland,Rzeszow,CHESTERFIELD,205400,8352.17,161586.695705998,0.7866927736
Turkey,Bodrum Airport,MURATTI,41200,1128.89,29426.789805094,0.714242471
Greece,Mykonos,MARLBORO,828400,40860.92,684710.037166541,0.8265451921
Kazakhstan,Almaty,MARLBORO,977620,43317.39,790415.088233186,0.8085095315
Poland,Lublin,CHESTERFIELD,132800,6521.52,108450.043164798,0.8166418913
Morocco,Rabat,PHILIP MORRIS,2235600,115601.75,1900562.07828053,0.8501351218
Japan,Osaka - Kansai,MARLBORO,42005600,1836375.83,33930595.3165185,0.8077636152
El Salvador,San Salvador Comalapa,MARLBORO,6134200,249346.38,4871260.10292608,0.7941149788
Mayotte,Pamandzi,CHESTERFIELD,129852,7868.99,109862.374148472,0.8460583907
Brazil,Florianopolis,L&M,34800,1231.93,27852.427008173,0.8003570979
Poland,Lodz,MARLBORO,1705900,129530.15,1500984.4007141,0.8798783051
France,Paris Charles De Gaulle,CHESTERFIELD,727800,63995.7,646704.283667246,0.8885741738
Mauritius,Port Louis,MARLBORO,31278800,1725697.35,26341559.9375436,0.8421537891
Georgia,Batumi,L&M,648800,10060.46,415015.774079886,0.6396667295
Turkey,Kayseri Airport,MURATTI,3600,179.3,3006.007544358,0.8350020957
Turkey,Adana Airport,LARK,2000,65.55,1577.997111218,0.7889985556
Tunisia,Jerba,MARLBORO,18419000,924636.01,15267674.1176264,0.8289089591
Nigeria,Abuja,MARLBORO,269200,10091.53,210780.744597609,0.782989393
Malaysia,Johor Bahru,MARLBORO,1344000,84455.9,1154013.09115912,0.8586406928
Cape Verde,Espargos,L&M,2739400,22166.99,1042853.51343104,0.3806868341
Mexico,Cozumel,MARLBORO,465600,23897.15,386720.434243233,0.8305851251
Georgia,Kutaisi,MARLBORO,1314000,68200.48,1095661.82721569,0.833837007
Great Britain,Bournemouth,MARLBORO,157200,10105.67,135116.497455322,0.8595197039
China,Beijing,PARLIAMENT,2522000,18340.31,1006475.7840062,0.3990784235
Poland,Krakow Balice,MARLBORO,23228780,1793649.94,20474499.1860803,0.8814280899
Spain,Gerona,CHESTERFIELD,11400,605.83,9441.24835958,0.8281796807
Switzerland,Zurich,L&M,1200,83.83,1066.652528894,0.8888771074
Russia,Moscow - Sheremetyevo,L&M,425800,10027.51,301083.25808201,0.7071001834
South Africa,Johannesburg,MARLBORO,11685400,473271.27,9308028.2660949,0.7965519594
Tanzania,Kilimanjaro,MARLBORO,301000,13897.86,245219.756775614,0.8146835773
Greece,Kos,MARLBORO,1356400,64961.59,1114798.88308091,0.8218806275
Belize,Belize City,MARLBORO,1574199,83740.49,1318101.16846471,0.8373154655
Tunisia,Tunis,L&M,864000,12871.13,526986.9132597,0.609938557
Saudi Arabia,RIYADH,PARLIAMENT,10711000,954944.86,9539504.79294277,0.8906269063
Iraq,Suleymania Airport,MARLBORO,4730000,260456.8,3982519.87767584,0.8419703758
Djibouti,Djibouti,MARLBORO,189933,6468.27,143100.187316397,0.7534245619
China,Guangzhou Baiyun,MARLBORO,30046040,830731.31,21468558.7934997,0.7145220732
Spain,Madrid Barajas,L&M,1019000,36265.29,818187.658573864,0.8029319515
Japan,Shizuoka,MARLBORO,141800,8994.09,121929.904840219,0.8598723896
Kosovo,PRISTINA,MARLBORO,11230200,688898.5,9610934.39581472,0.8558115079
Brazil,Florianopolis,CHESTERFIELD,9000,305.69,6794.453225328,0.7549392473
Costa Rica,San Jose,CHESTERFIELD,117400,5021.79,93341.821561338,0.7950751411
Colombia,Medellin Jose Maria Cordova,L&M,53201,1654.88,32961.183432428,0.6195594713
Turkey,Antalya Airport,MARLBORO,80654400,5448134.29,69832320.6564416,0.8658215876
China,Harbin Taiping,MARLBORO,5000,111.48,3405.671656515,0.6811343313
Turkey,Gaziantep Airport,EVE,5200,242.22,4318.535280806,0.830487554
Myanmar,Yangon,MARLBORO,231840,14211.74,198369.719750896,0.8556319865
Oman,Salalah,PARLIAMENT,925200,84379.57,825957.808267997,0.8927343366
Great Britain,Glasgow Prestwick,MARLBORO,33400,2178.87,28800.373195693,0.8622866226
Canary Islands,Gran Canaria,CHESTERFIELD,6972000,317413.69,5612738.2715214,0.8050399127
Australia,Adelaide,BOND STREET,900,83.17,787.015035222,0.8744611502
Switzerland,Zurich,CHESTERFIELD,1902400,107717.36,1592000.29522445,0.8368378339
Denmark,Aalborg,MARLBORO,138703,11967.49,123771.359688584,0.8923481085
Greece,Chania,L&M,258800,5267.15,181083.19780678,0.6997032373
Poland,Poznan-Lawica,MARLBORO,5285000,423076.23,4676880.19162422,0.8849347572
France,Bordeaux,CHESTERFIELD,72200,6741.58,64575.027053565,0.8943909564
Grenada,St. George's Point Saline,L&M,27000,1142.49,22378.238858178,0.8288236614
Martinique,Fort-de-France,L&M,11400,989.25,10357.49710696,0.9085523778
Spain,Valencia,CHESTERFIELD,48200,2504.48,39762.81695708,0.8249547087
Costa Rica,Liberia,CHESTERFIELD,42200,1805.09,33551.858736059,0.7950677426
Germany,Paderborn,MARLBORO,166100,15166.58,149205.614907808,0.8982878682
Spain,Barcelona,PHILIP MORRIS,192600,13824.63,170992.192714819,0.887809931
Canary Islands,Fuerteventura,L&M,3602200,139182.93,2938012.05934714,0.8156160289
Russia,Samara,PARLIAMENT,3600,212.74,3037.334919691,0.8437041444
Brazil,Sao Paulo - Guarulhos,CHESTERFIELD,73000,2514.71,55300.651291135,0.7575431684
Guadalupe,Pointe-a-Pitre,PHILIP MORRIS,1992200,194845.64,1822713.78876347,0.9149251023
Turkey,Cukurova Airport,EVE,3600,249.7,3166.103127642,0.879473091
Tunisia,Monastir,MARLBORO,34391800,1786126.25,28674155.2202833,0.8337497665
Norway,Stavanger,MARLBORO,3582800,279386.68,3163497.14850184,0.882967832
Great Britain,East Midlands,MARLBORO,746000,46132.53,637490.42621374,0.8545448073
Turkey,Izmir Airport,L&M,5890200,218305.36,4749514.7640328,0.8063418499
France,Bordeaux,MARLBORO,996200,90714.48,894096.786201951,0.897507314
Dominican Republic,Santo Domingo Las Americas,L&M,147400,5658.1,119952.476552403,0.8137888504
Poland,Olsztyn,MARLBORO,696100,51106.14,609996.199612881,0.8763054153
France,Montpellier,CHESTERFIELD,68200,5533.48,60041.001724968,0.8803665942
Ireland,Shannon,MARLBORO,1431082,102453.39,1250002.57921779,0.8734667749
China,Guangzhou Baiyun,PARLIAMENT,1337000,28051.95,878545.255246568,0.6571019112
Italy,Florence,CHESTERFIELD,48800,1481.03,35784.059110431,0.7332798998
Australia,Brisbane,BOND STREET,17465,1606.35,15262.575279493,0.8738949487
Aruba,Oranjestad,L&M,206600,8117.34,168806.420888695,0.817068833
Greece,Mitilini,MARLBORO,81000,3980.33,66901.839562814,0.8259486366
Jordan,Amman,L&M,4880000,147052.17,3781632.53233917,0.7749246992
Philippines,Manila - Ninoy Aquino,MARLBORO,2539200,71374.86,1856495.91975637,0.7311341839
Jamaica,Montego Bay,CHESTERFIELD,36200,1423.88,28274.678412937,0.7810684644
Argentina,Buenos Aires Aeroparque,MARLBORO,2104000,63141.25,1562821.86510719,0.7427860576
Germany,Dortmund,L&M,73200,4528.03,64085.359064662,0.8754830473
Turkey,Samsun Airport,L&M,315200,12991.18,260027.221183823,0.8249594581
France,Nice,MARLBORO,3608400,325724.34,3235519.316522,0.8966631517
Sri Lanka,Colombo,L&M,1545735,60821.17,1262260.82490898,0.8166088139
Switzerland,Basel,PHILIP MORRIS,500000,40807.01,449987.911292837,0.8999758226
France,Tarbes - Lourdes,CHESTERFIELD,5200,487.94,4653.26476502,0.8948586087
Bosnia-Herzegovinia,Banja Luka,L&M,92680,2486.36,69915.915935747,0.7543797576
Russia,Krasnoyarsk,L&M,13800,555.8,11291.096250564,0.8181953805
Italy,Bari,MARLBORO,722000,38924.31,605179.982024775,0.8381994211
Qatar,Doha,MARLBORO,141423400,11339641.61,125017546.588004,0.8839947745
Brazil,Recife,L&M,25800,908.1,20640.540826395,0.8000209623
Bosnia-Herzegovinia,Banja Luka,MARLBORO,1544540,100028.4,1331728.2300441,0.8622167312
Germany,Hannover,MARLBORO,1168200,89732.15,1028856.32652947,0.8807193345
Turkey,Cukurova Airport,L&M,93400,4357.31,78544.967622644,0.8409525441
Tunisia,Tunis,MARLBORO,49011600,2560688.5,40901159.0328862,0.8345199715
Greece,Heraklion Airport,L&M,577200,11351.83,399544.564286351,0.6922116498
Poland,Bydgoszcz,L&M,3219400,155618.15,2726573.24323717,0.8469196879
Saudi Arabia,Jeddah,L&M,7591000,451395.4,6615671.10642282,0.8715150977
Japan,Ibaraki,PARLIAMENT,3200,203.01,2728.962954788,0.8528009234
Israel,Tel-Aviv,L&M,24934200,1188255.9,21071925.8482012,0.8451013407
Australia,Melbourne,PETER JACKSON,48991,5959.64,43910.749847349,0.896302379
Spain,Reus,MARLBORO,661800,44370.11,573322.664066638,0.8663080448
Morocco,Ouarzazate,L&M,86200,2833.07,68094.829667399,0.7899632212
China,Wuhan Tianhe,PARLIAMENT,20000,419.62,13141.872846852,0.6570936423
Tunisia,Sfax,MARLBORO,1769400,92092.81,1475722.11432291,0.8340240275
Australia,Sydney,MARLBORO,195674,28385.9,182660.269955047,0.933492799
Great Britain,Humberside,MARLBORO,51600,3389.38,44495.075859523,0.8623076717
Turkey,Dalaman Airport,MARLBORO,9871800,754625.67,8691880.67492148,0.8804757668
Aruba,Oranjestad,PARLIAMENT,329600,17818.85,274090.736458438,0.8315859723
Dominican Republic,La Romana,L&M,83600,3209.63,68021.688708723,0.8136565635
Turkey,Diyarbakir Airport,LARK,200,4.51,144.089456869,0.7204472843
Russia,Krasnoyarsk,PARLIAMENT,344600,17959.18,284772.235306089,0.8263848964
Canary Islands,Gran Canaria,PHILIP MORRIS,392200,21679.82,336915.552797728,0.8590401652
Mexico,Ixtapa Zihuatanejo,L&M,800,38.57,677.260755048,0.8465759438
India,Bangalore,PARLIAMENT,38600,2734,33432.08875316,0.8661162889
Brazil,Belo Horizonte,PARLIAMENT,1800,58.2,1344.628417405,0.7470157874
Brazil,Natal,MARLBORO,211000,5947.09,154011.345414555,0.7299115896
Germany,Dortmund,MARLBORO,310200,24181.16,273663.830063071,0.8822173761
United Arab Emirates,Dubai,MARLBORO,292747000,20787526.11,255458288.717241,0.8726247877
Italy,Treviso,MERIT,6000,370.26,5127.189642041,0.854531607
Argentina,Mendoza,MARLBORO,546000,16300.08,405078.834627308,0.7419026275
Turkey,Istanbul Airport,EVE,294600,18105.43,255129.372649354,0.8660195949
Mexico,La Paz Manuel Marquez de Leon,CHESTERFIELD,2000,91.85,1612.818261633,0.8064091308
Great Britain,London Southend Airport,MARLBORO,90800,5973.34,78302.619905741,0.8623636553
Turkey,Izmir Airport,MURATTI,97000,4056.64,78271.357306666,0.8069212093
Niger,Niamey,MARLBORO,139200,5659.22,110927.519622717,0.7968931007
Japan,Fukuoka,LARK,294800,18426.75,258541.53621888,0.8770065679
Poland,Bydgoszcz,MARLBORO,2634800,197444.41,2314050.70405317,0.8782642721
Namibia,Windhoek,L&M,230000,7052.95,179008.883248731,0.7782994924
Kenya,Jomo Kenyatta,L&M,273816,6226.47,170418.031814736,0.6223815694
Tunisia,Tunis,PHILIP MORRIS,2511800,128237.75,2132864.7483696,0.8491379681
Iraq,Erbil International Airport,LARK,68000,2184.02,53419.958203093,0.7855876206
China,Qingdao Liuting,MARLBORO,1803400,48099.52,1277058.01904362,0.7081390812
United Arab Emirates,Sharjah,PARLIAMENT,4809600,390644.65,4238278.44069629,0.8812122506
Morocco,Nador,MARLBORO,5985400,280050.71,4900005.92301463,0.8186597258
Aruba,Oranjestad,MARLBORO,5977600,268313.71,4842143.7967311,0.8100481459
Togo,Togo,MARLBORO,4976518,226963.04,4053651.23006743,0.8145557255
Laos,Vientiane,MARLBORO,2738000,159944.11,2322278.40369896,0.8481659619
Kazakhstan,Almaty,L&M,132180,2462.45,89854.889651246,0.6797918721
China,Xiamen Gaoqi,PARLIAMENT,279000,5853.75,183330.723457563,0.6570993672
Spain,Barcelona,CHESTERFIELD,217800,11320.42,179684.492076818,0.8249976679
Turkey,Kayseri Airport,EVE,8400,567.83,7364.168596572,0.8766867377
Jamaica,Kingston,L&M,26411,1157.21,22021.091801155,0.8337848548
France,Grenoble,PHILIP MORRIS,8000,752.76,7296.63298091,0.9120791226
France,Lille,MARLBORO,341200,30005.76,305090.659924888,0.8941695777
Italy,Florence,MARLBORO,724200,38290.21,605215.586566792,0.8357022736
Italy,Bergamo,L&M,225000,7737.81,179427.20040222,0.797454224
Egypt,Luxor,L&M,299488,10590.99,240162.624855541,0.8019106771
Poland,Krakow Balice,CHESTERFIELD,539380,24380.64,433612.82888326,0.8039097276
Czech Republic,Brno,L&M,920000,106312.38,855344.152066225,0.9297219044
Great Britain,Bristol,MARLBORO,1694200,108526.75,1455453.37152156,0.859080021
Spain,Sevilla,CHESTERFIELD,100400,5191.47,82754.788589501,0.8242508824
Gabon,Gabon,L&M,12800,529.34,10457.587438363,0.8169990186
Jordan,Aqaba,PARLIAMENT,114200,6706.82,95828.096365776,0.8391251871
France,Toulouse,CHESTERFIELD,44200,3365.64,38609.408041127,0.873516019
Spain,Jerez De La Frontera,MARLBORO,84000,5690.2,72880.800150833,0.8676285732
Myanmar,Mandalay,MARLBORO,286200,16166.8,241881.82445172,0.8451496312
Poland,Warsaw,L&M,13599480,632860.01,11449963.9002601,0.8419413022
Grenada,St. George's Point Saline,MARLBORO,184800,9321.57,153285.061521037,0.8294646186
Spain,Gerona,MARLBORO,724400,48579.97,627599.923780516,0.8663720649
Turkey,Gaziantep Airport,L&M,211400,8585.22,173936.007986041,0.8227814947
Austria,Vienna,MARLBORO,5379000,390075.75,4706583.52519784,0.8749922895
France,Toulouse,PHILIP MORRIS,489800,38090.13,437311.447174226,0.8928367643
Germany,Dresden,L&M,117000,8747.5,104759.526906228,0.8953805718
Canary Islands,Lanzarote,CHESTERFIELD,3201800,145989.04,2578331.86576575,0.8052757404
Brazil,Sao Paulo - Guarulhos,L&M,467200,15669.41,370039.791526212,0.792037225
India,Hyderabad,PARLIAMENT,9982,720.55,8667.265288908,0.8682894499
South Africa,Cape Town,L&M,799800,20181.73,594122.5020391,0.7428388373
Denmark,Copenhagen,L&M,474000,36732.25,425984.396346877,0.8987012581
Malaysia,Kuala Lumpur,MARLBORO,25216400,1300895.84,21001608.5700402,0.8328551486
Italy,Rome Fiumicino,L&M,686400,39430.25,595804.705099069,0.8680138478
Egypt,Asyut,PARLIAMENT,63800,4083.03,54479.430243575,0.8539095649
Azerbaijan,Baku,MARLBORO,8443200,366772.93,6820028.49863916,0.8077539912
United Arab Emirates,Ras El Khaymah,L&M,259200,16429.87,227747.729366382,0.8786563633
Japan,Aomori,MARLBORO,13400,890.48,11595.674302528,0.8653488285
Spain,Palma De Mallorca,MARLBORO,9021400,606691.4,7818979.15624696,0.8667146071
Ghana,Accra,MARLBORO,1840200,69027.94,1440993.27354398,0.7830634026
Taiwan,Kaohsiung,PARLIAMENT,1546418,35677.6,1048723.81661545,0.6781632241
Macedonia,Ohrid,PARLIAMENT,8200,471.03,6887.262759362,0.8399100926
Great Britain,Cardiff,MARLBORO,214200,13441.57,183395.214458101,0.8561868089
Malaysia,Penang,MARLBORO,797800,41553.78,665493.554007657,0.8341608849
Turkey,Kutahya Airport,PARLIAMENT,29000,1793.81,24602.205979923,0.8483519303
Russia,Min Vody,L&M,23600,477.31,16479.626225881,0.6982892469
Italy,Rome Fiumicino,CHESTERFIELD,1099600,57898.94,909217.331332173,0.8268618874
Canary Islands,Fuerteventura,CHESTERFIELD,2402400,109625.2,1934893.65659357,0.80540029
Dominican Republic,Santo Domingo Las Americas,CHESTERFIELD,32600,1281.45,25459.064648238,0.7809529033
Ecuador,Guayaquil,CHESTERFIELD,42000,1518.71,32186.125604255,0.7663363239
New Zealand,Christchurch,BOND STREET,6000,763.87,5433.509976171,0.905584996
Uruguay,Montevideo,FIESTA,597200,20867.41,480494.06736007,0.8045781436
Sweden,Nykoping,MARLBORO,20000,1581.3,17687.910904809,0.8843955452
Italy,Milan - Linate,MERIT,17400,948.98,14590.017229954,0.8385067374
Russia,Moscow - Vnukovo,MARLBORO,977600,37863.55,770819.526538512,0.7884815124
Denmark,Billund,L&M,139448,12008.54,126606.087833688,0.9079089541
Colombia,Bogota,MARLBORO,12664798,492977.58,9965718.89021949,0.7868833668
Greece,Zakynthos,L&M,302000,6155.19,211400.265897941,0.7000008805
Greece,Chania,MARLBORO,1775000,84979.01,1459487.20535922,0.8222463129
Sweden,Malmo,MARLBORO,87200,6085.6,75875.026664408,0.8701264526
Russia,Makhachkala,PARLIAMENT,65600,3419.22,54212.399931454,0.8264085355
Brazil,Recife,PARLIAMENT,1000,32.65,748.853211009,0.748853211
Italy,Pisa,CHESTERFIELD,173400,5344.08,127711.718636726,0.7365151017
China,Kunming Wujiaba,PARLIAMENT,70800,1485.47,46522.582443225,0.6570986221
France,Beauvais,PHILIP MORRIS,207800,18787.34,188799.111498937,0.908561653
Morocco,Marrakech,MARLBORO,104798800,4828095.22,85553026.4119121,0.8163550194
Jamaica,Montego Bay,MARLBORO,5178402,241994.99,4228050.88521655,0.8164779183
Reunion,Roland Garros,MARLBORO,18790000,1276756.89,16305857.7242486,0.8677944505
India,Hyderabad,L&M,503726,21938.59,419103.43488917,0.8320067554
Italy,Rome Fiumicino,MERIT,361800,22258.64,309035.313295788,0.8541606227
Morocco,Oujda,MARLBORO,13334800,631264.58,10941962.5395032,0.8205569292
New Zealand,Auckland,MARLBORO,264000,43827.69,248527.722425363,0.941392888
France,Marseille,L&M,8600,820.59,7878.748702147,0.91613357
Zambia,Lusaka,L&M,20000,877.32,16678.770365582,0.8339385183
Spain,Asturias,MARLBORO,108000,7057.84,93252.31106442,0.8634473247
Turkey,Istanbul Airport,MURATTI,537400,21348.3,429276.867927108,0.7988032526
Italy,Bergamo,CHESTERFIELD,205000,6278.31,150734.966925106,0.7352925216
Morocco,Fes,MERIT,400,19.46,328.99408284,0.8224852071
South Africa,Cape Town,MARLBORO,6120200,253770.81,4898226.7971092,0.8003377009
China,Urumchi Diwobao,MARLBORO,2005200,47646.26,1384361.02580212,0.6903855106
Morocco,Fes,L&M,1902800,57762.03,1428033.13221309,0.7504903995
Jordan,Marka,PARLIAMENT,1200,84.24,1038.077634011,0.865064695
Great Britain,Liverpool,MARLBORO,1394800,85597.93,1190493.33074401,0.8535226059
Poland,Wroclaw,CHESTERFIELD,469600,19045.99,369227.321843327,0.7862592032
Sweden,Stockholm Arlanda,MARLBORO,4895800,336975.46,4252791.6091375,0.8686612217
United Arab Emirates,Ras El Khaymah,PHILIP MORRIS,81600,7136.96,73932.690542597,0.9060378743
Tunisia,Jerba,PHILIP MORRIS,1406400,69087.9,1187190.16087786,0.8441340734
Morocco,Tangier,MARLBORO,19491800,952155.26,16082147.68166,0.8250724757
Turkey,Istanbul Asia Airport,PARLIAMENT,18311200,1083829.61,15417691.6309872,0.8419814994
Colombia,Medellin Jose Maria Cordova,MARLBORO,2173805,96968.59,1757560.87016499,0.8085181836
China,Ningbo Lishe,MARLBORO,183200,6329.33,139448.05992998,0.7611793664
Japan,Tokyo - Haneda,PARLIAMENT,2039400,135400.16,1750690.62307673,0.8584341586
Saudi Arabia,DAMMAM,PARLIAMENT,2094000,186721.05,1865004.21978565,0.8906419388
China,Xuzhou Guanyin,MARLBORO,14000,454.57,10552.046458251,0.7537176042
Russia,Astrakhan,PARLIAMENT,123200,6419.18,101806.875082612,0.8263545055
Brazil,Viracopos,CHESTERFIELD,8000,272.56,6044.129060871,0.7555161326
Tunisia,Monastir,PHILIP MORRIS,1299800,66250.09,1103353.90985197,0.8488643713
China,Hangzhou Xiaoshan,MARLBORO,6893400,221298.75,5135205.35456843,0.7449452164
Ethiopia,Addis Ababa,MARLBORO,35288200,1416846.09,28048625.9001951,0.7948443361
China,Sanya Fenghuang,PARLIAMENT,21660,454.45,14232.568933741,0.6570899785
Turkey,Konya Airport,L&M,49800,1522.73,38676.588542444,0.7766383241
Mexico,Puerto Vallarta,MARLBORO,5212600,274115.56,4345882.66949772,0.8337264838
Lebanon,Beirut - Rafik Hariri,PARLIAMENT,5248400,288795.1,4343050.18466165,0.8274998447
Great Britain,London Stansted,MARLBORO,6086800,384273.34,5217451.55433414,0.857174797
Jordan,Marka,MARLBORO,4000,237.01,3402.915708544,0.8507289271
China,Hohhot Baita,MARLBORO,154400,3886.12,108079.781304299,0.6999985836
Greece,Kavala,L&M,53200,1079.76,37193.283876272,0.6991218774
United Arab Emirates,Sharjah,MARLBORO,33056000,2317344.27,28802084.2941187,0.8713118434
Turkey,Kutahya Airport,MARLBORO,62200,4105.59,53694.250677237,0.8632516186
Turkey,Trabzon Airport,PARLIAMENT,766600,30324.86,600066.509010575,0.7827635129
Germany,Berlin Brandenburg,L&M,741000,48557.53,653422.760376784,0.8818120923
Russia,Ekaterinburg,L&M,7400,117.01,4766.044362772,0.644060049
Japan,Tokyo - Narita,PARLIAMENT,3410600,224277.58,2923785.28070981,0.8572642001
Egypt,Marsa Aalam,PARLIAMENT,486800,30878.38,415141.216653064,0.8527962544
Jamaica,Montego Bay,L&M,601600,23490.95,491082.924769521,0.8162947553
Oman,Salalah,PHILIP MORRIS,600200,54426.82,545622.802696264,0.9090683151
Spain,Mahon Airport,CHESTERFIELD,23600,1266.52,19577.706601691,0.8295638391
Spain,Barcelona,L&M,1335000,47925.71,1073742.5552437,0.8043015395
Kenya,Jomo Kenyatta,MARLBORO,6956133,266887.3,5472343.96269289,0.786693406
Egypt,Sharm El Sheikh,PARLIAMENT,919600,61065.05,789436.177780563,0.8584560437
Suriname,Paramaribo,MARLBORO,3799283,245474.31,3268710.38028311,0.8603492765
China,Shanghai Hongqiao,MARLBORO,7156325,239470.77,5443844.95864268,0.7607039868
Armenia,Yerevan,PARLIAMENT,4600,202.87,3685.195277021,0.801129408
Netherlands,Rotterdam,L&M,24400,2250.92,22289.502242243,0.9135041903
Egypt,Hurgada,MERIT,1190722,74174.01,1018907.98727551,0.8557060231
Spain,Bilbao,L&M,82600,5065.96,72302.575387485,0.8753338425
Cambodia,Sihanoukville,MARLBORO,20400,816.95,16184.201483205,0.79334321
Italy,Rome Fiumicino,PHILIP MORRIS,208800,11911.97,180156.249078408,0.8628172849
Spain,Gerona,PHILIP MORRIS,5800,417.98,5151.584181559,0.8882041692
Denmark,Billund,MARLBORO,1349909,110561.05,1197746.22037706,0.8872792317
Italy,Milan - Linate,MARLBORO,1105600,58450.83,923938.656161387,0.835689812
Canary Islands,Tenerife,CHESTERFIELD,9622400,437567.02,7744652.31042429,0.8048566169
Germany,Munster-Osnabruck,L&M,425454,30415.99,378884.59319236,0.8905418522
Bahrain,Manama,PHILIP MORRIS,689000,63923.35,627637.957063779,0.9109404312
Japan,Hiroshima,PARLIAMENT,33400,2217.23,28671.188501482,0.8584188174
Turkey,Denizli Cardak Airport,PARLIAMENT,6600,432.85,5117.393535892,0.775362657
Italy,Venice,L&M,332400,19080.61,288499.426675617,0.8679284798
Turkey,Diyarbakir Airport,ASSOS,2400,43.82,1636.092097075,0.6817050404
Mexico,Ixtapa Zihuatanejo,PARLIAMENT,2200,132.99,1862.605042017,0.8466386555
Italy,Palermo,MERIT,68400,4266.77,58541.995402446,0.8558771258
Ecuador,Quito,L&M,31000,924.76,18488.260423646,0.5963954975
Peru,Lima,MARLBORO,7172400,279357.83,5647224.62976384,0.7873549481
Caribbean Other,Kralendijk (Bonaire),MARLBORO,1710999,74096.14,1370814.60299085,0.8011779101
Peru,Lima,L&M,312000,12212.73,254808.84435462,0.816695014
Egypt,Asyut,MARLBORO,686837,37392.81,576663.609103327,0.8395931045
Caribbean Other,Basseterre (Saint Kitts),PARLIAMENT,7000,376.61,5816.370656371,0.8309100938
Spain,Santander,MARLBORO,228200,14895.23,197006.740689581,0.863307365
Russia,Astrakhan,MARLBORO,49000,2383.49,40412.303995448,0.8247408979
Switzerland,Geneva,CHESTERFIELD,203000,14439.99,175724.200159083,0.865636454
Spain,Santander,L&M,87200,5349.31,76331.302127287,0.8753589693
Spain,Malaga,PHILIP MORRIS,54600,3928.26,48487.060275663,0.888041397
Greece,Rhodes,MARLBORO,4008000,183020.21,3265151.87514742,0.8146586515
Turkey,Gaziantep Airport,PARLIAMENT,727200,35931.89,594985.617395104,0.8181870426
Bosnia-Herzegovinia,Sarajevo,MARLBORO,6331643,420463.4,5478702.85017032,0.8652892859
Belgium,Charleroi,MARLBORO,763600,59122.14,673674.902568244,0.882235336
Turkey,Ankara Airport,L&M,1083600,42079.63,881042.374219049,0.8130697436
Portugal,Faro Airport,L&M,1462000,93946.14,1287050.03686703,0.8803351825
Spain,Murcia,L&M,482000,17454.28,388330.413385604,0.8056647581
Oman,Salalah,L&M,674000,40789.3,578610.49741995,0.8584725481
Kenya,Nairobi,MARLBORO,233200,9727.23,186818.973352267,0.8011105204
Sweden,Stockholm Arlanda,L&M,849600,47128.75,734017.991219367,0.863957146
South Korea,Yangyang,LARK,200,9.05,167.592592593,0.837962963
United Arab Emirates,Dubai,PHILIP MORRIS,3515800,268741.39,3142858.40341202,0.893924115
France,Lyon Saint Exupery,L&M,22000,2096.9,20153.075266375,0.9160488757
Switzerland,Zurich,MARLBORO,21292200,1474898.46,18511542.9393931,0.8694048966
India,Bangalore,L&M,196800,8263.26,162774.666055202,0.827107043
Norway,Trondheim,MARLBORO,935700,73056.21,826312.106585762,0.883095123
South Korea,Busan - Kimhae,MARLBORO,5953200,259393.71,4808126.42212405,0.8076541057
Greece,Mitilini,L&M,26800,542.31,18719.577161389,0.6984916851
South Korea,Seoul,MARLBORO,4765600,233601.68,3934331.32189015,0.8255689361
France,Nice,PHILIP MORRIS,354000,32496.98,322070.297984003,0.9098031016
Japan,Naha,MARLBORO,1918400,126167.03,1657356.68875549,0.8639265475
China,Quanzhou,MARLBORO,241600,8093.85,181669.744429208,0.7519443064
Spain,Alicante,MARLBORO,9992400,663939.25,8646680.4886405,0.8653256964
Saint Marteen (NL),St. Maarten Princess Juliana,PARLIAMENT,179708,8006.21,144255.949255048,0.8027241372
Taiwan,Everrich Downtown Kinmen,L&M,105480,1121.51,57908.003037658,0.548995099
China,Sanya Fenghuang,MARLBORO,74990,1612.98,50532.621792936,0.6738581383
French Guyana,Cayenne,CHESTERFIELD,120600,7290.67,101997.640303417,0.845751578
Morocco,Tangier,PHILIP MORRIS,1846400,96673.86,1572600.99728766,0.8517119786
Dominican Republic,Puerto Plata,PARLIAMENT,42200,2281.21,35092.340107537,0.8315720405
Germany,Stuttgart,L&M,469200,30996.42,414088.930624086,0.8825424779
Japan,Tokyo - Haneda,LARK,1111800,65453.9,967708.64452312,0.8703981332
Croatia,Dubrovnik,MARLBORO,2019400,146373.4,1767395.24015872,0.8752081015
China,Wenzhou Longwan,MARLBORO,436800,12419.68,315823.858353098,0.7230399688
Germany,Nuernberg,MARLBORO,174715,14108.85,154760.78366498,0.8857899074
Japan,Fukushima,MARLBORO,1400,91.64,1209.084911884,0.8636320799
Tanzania,Kilimanjaro,L&M,6800,285.02,5611.869231277,0.825274887
Japan,Sendai,PARLIAMENT,71000,4714.28,60949.162500011,0.8584389085
Australia,Brisbane,PETER JACKSON,48991,5959.64,43910.749847349,0.896302379
China,Dalian Zhoushuizi,PARLIAMENT,38330,804.2,25186.281334771,0.6570905644
Dominican Republic,Samana El Catey,L&M,28000,1117.76,22941.641959471,0.8193443557
Argentina,Buenos Aires - Ezeiza,MARLBORO,15443000,457885.91,11438027.8207148,0.7406609999
Bangladesh,Zia,L&M,3280,156.27,2771.823491239,0.8450681376
Egypt,Hurgada,L&M,8448512,301748.7,6788235.36984763,0.803482953
Italy,Pisa,MARLBORO,1198800,63971.78,1003360.21562734,0.8369704835
Mexico,Los Cabos,L&M,39000,1755.75,32636.880513396,0.8368430901
Tunisia,Enfidha,PHILIP MORRIS,58400,2975.89,49575.093366373,0.848888585
Canary Islands,La Palma,L&M,187000,7232.43,152546.963507036,0.8157591631
Turkey,Istanbul Asia Airport,MARLBORO,70245600,4297167.58,59960186.9010777,0.8535792548
Zambia,Lusaka,MARLBORO,597200,24375.22,475944.384135745,0.7969597859
Morocco,Rabat,L&M,1600600,47021.12,1158490.11536168,0.7237849028
Morocco,Agadir,MARLBORO,38918600,1852974.63,31961945.6206881,0.8212511658
China,Chengdu Tianfu,PARLIAMENT,184000,3868.79,120994.982788536,0.6575814282
Spain,Alicante,L&M,3736200,134618.2,3007179.58026295,0.8048765003
Great Britain,London Luton,MARLBORO,3071000,245078.95,2716388.99069773,0.8845291406
South Korea,Daegu,MARLBORO,4005000,211322.56,3348753.31615387,0.8361431501
South Korea,Busan - Kimhae,VIRGINIA SLIMS,3479000,156565.29,2859908.71665039,0.8220490706
Russia,St. Petersburg Pulkovo,MARLBORO,359400,13560.23,281882.385637238,0.7843138165
Spain,Vigo,CHESTERFIELD,8000,503.5,6807.388754626,0.8509235943
Germany,Frankfurt,L&M,2560600,158830.62,2242211.99291396,0.8756588272
Spain,Alicante,PHILIP MORRIS,29200,2096.34,25924.584109775,0.8878282229
Spain,Vigo,L&M,20200,1240.41,17684.494633472,0.8754700314
Ireland,Cork,L&M,41400,2781.89,36637.467671488,0.8849629872
Dominican Republic,Santo Domingo Las Americas,PARLIAMENT,5600,298.14,4644.829600779,0.8294338573
Russia,Min Vody,MARLBORO,68200,3217.37,55942.992275852,0.8202784791
Morocco,Essaouira,PHILIP MORRIS,339400,18674.91,291368.240623901,0.858480379
Belarus,Minsk,MARLBORO,26360,1573.35,22469.356702924,0.8524035168
China,Yanji Zhaoyangchuan,PARLIAMENT,10000,209.81,6570.936423426,0.6570936423
Montenegro,Podgorica,L&M,920000,32337.29,736880.365548337,0.8009569191
Morocco,Rabat,MARLBORO,19800800,958123.72,16310783.8004048,0.823743677
Mongolia,Ulaanbaatar,PARLIAMENT,29400,1782.74,24903.334844716,0.8470522056
Greece,Thessaloniki,L&M,278000,5096.25,188120.372471209,0.6766919873
Greece,Athens,ASSOS,108400,781.69,49669.804013828,0.4582085241
Norway,Oslo,MARLBORO,12528100,973016.11,11056712.8063452,0.8825530453
Egypt,Luxor,PARLIAMENT,79200,5042.77,67579.086579287,0.8532712952
Spain,Vigo,MARLBORO,55800,3672.99,48227.705457694,0.8642957967
Dominican Republic,Santiago Cibao,L&M,12200,461.49,9903.37816068,0.8117523083
Rwanda,Kigali,L&M,69200,-926.32,749.282021827,0.01082777488
Saudi Arabia,Medina,L&M,887000,55000,777476.23035171,0.8765233713
France,Paris Orly,CHESTERFIELD,670200,62292.44,599130.370852121,0.8939575811
Norway,Bergen,PETTEROE'S,270500,26711.78,247694.508660548,0.9156913444
Cape Verde,Rabil,L&M,1444800,3710.19,428414.065005775,0.2965213628
Japan,Osaka - Kansai,LARK,879400,35231.51,721503.754787106,0.8204500282
Germany,Hannover,L&M,302800,18945.95,265473.255974873,0.876728058
Australia,Perth,PETER JACKSON,125800,14589.49,112184.617891081,0.8917696176
South Sudan,Juba,MARLBORO,670000,48148.88,585752.798053528,0.8742579075
Germany,Paderborn,L&M,84800,6485.66,76107.029098887,0.8974885507
Taiwan,Taipei - Taoyuan,VIRGINIA S.,9626302,134021.74,4803740.60079137,0.4990224284
China,Nanning Wuxu,PARLIAMENT,37200,1040.81,26735.027747359,0.7186835416
South Korea,Cheongju,VIRGINIA SLIMS,88600,4073.36,73109.590870544,0.8251646825
Dominican Republic,Santiago Cibao,MARLBORO,3524600,140940.69,2793941.5620695,0.7926974868
Tanzania,Zanzibar,MARLBORO,5372000,214070.4,4257112.92464125,0.7924633143
United Arab Emirates,Dubai,L&M,12007600,686845.01,10412867.6755323,0.8671897528
Canary Islands,La Palma,PHILIP MORRIS,16200,901.31,13929.273830421,0.8598317179
Turkey,Trabzon Airport,LARK,400,12.9,314.634146341,0.7865853659
Singapore,Singapore - Changi,L&M,491600,18615.34,399440.672860958,0.8125318813
Namibia,Katima Mulilo,MARLBORO,250000,10566,200874.524714829,0.8034980989
Macedonia,Ohrid,L&M,91000,1870.76,63864.948250878,0.7018126181
Canary Islands,Tenerife,L&M,10065000,388777.8,8208720.95079406,0.8155708843
Canary Islands,Lanzarote,PHILIP MORRIS,586000,32481.49,503591.390492639,0.8593709735
Russia,Volgograd,BOND STREET,5200,71.9,2653.324817259,0.5102547725
Togo,Togo,L&M,12479,261.61,7009.968437757,0.5617412002
France,Nantes,MARLBORO,1114800,100792.14,999817.179324782,0.8968578932
France,Beauvais,MARLBORO,603000,54697.06,540900.661116121,0.8970160218
Vietnam,Hanoi,MARLBORO,10236000,520249.01,8493936.49442154,0.8298101304
Saudi Arabia,Medina,PARLIAMENT,1008000,90112.24,898017.280259816,0.890890159
Tunisia,Monastir,L&M,1531800,22688.72,949760.053050087,0.620028759
Russia,Moscow - Sheremetyevo,PARLIAMENT,850800,51502.91,720484.787947637,0.8468321438
Tunisia,Jerba,L&M,1104800,13415.39,607176.500736783,0.5495804677
Turkey,Izmir Airport,PARLIAMENT,5367600,345924.95,4584491.54372763,0.8541045428
Turkey,Izmir Airport,MARLBORO,23142800,1442392.28,19830568.935281,0.8568785512
China,Pengsheng,MARLBORO,3199840,134459.01,2552590.19730208,0.7977243229
Spain,Almeria,MARLBORO,276200,18667.19,239566.201223512,0.8673649574
Lebanon,Beirut - Rafik Hariri,MARLBORO,61251600,2317611.9,48024224.9517849,0.7840484975
China,Fuzhou Changle,PARLIAMENT,17600,369.26,11564.631566163,0.657081339
Morocco,Nador,CHESTERFIELD,71800,2456.51,54295.906779252,0.7562104008
Cape Verde,Praia,L&M,265600,2663.47,109930.313461184,0.4138942525
Spain,Madrid Barajas,PHILIP MORRIS,201600,14417.81,178909.204254481,0.8874464497
Saudi Arabia,Medina,MARLBORO,10598600,813435.45,9338457.85049801,0.8811029618
Greece,Alexandoupolis,L&M,130000,2664.68,91154.982412086,0.7011921724
Japan,Chitose,LARK,66600,3749.54,57627.248839862,0.8652740066
Great Britain,London Heathrow,MARLBORO,17992000,1164261.86,15479728.7922386,0.8603673184
South Korea,Seoul,VIRGINIA SLIMS,94800,4667.54,79139.829276734,0.8348083257
Belgium,Brussels,L&M,1241800,92329.97,1111250.25801318,0.8948705573
Germany,Cologne,MARLBORO,2144185,167423.14,1892430.8946337,0.8825875074
Tunisia,Tunis,MERIT,598600,33558.39,504139.470544508,0.8421975786
Australia,Melbourne,BOND STREET,17465,1606.35,15262.575279493,0.8738949487
Czech Republic,Prague,L&M,1316400,121420.93,1202521.25716914,0.913492295
Kyrgyzstan,Manas,PARLIAMENT,614000,40356.32,526324.348755112,0.8572057797
Italy,Venice,MERIT,64800,3964.15,55303.955804531,0.8534561081
Italy,Milan - Linate,L&M,55200,1895.28,44004.874127094,0.7971897487
China,Yinchuan Hedong,MARLBORO,109800,2962.49,78403.397638537,0.7140564448
Vietnam,Phu Quok,MARLBORO,1076200,55470.44,894997.872276425,0.8316278315
Turkey,Antalya Airport,L&M,21615400,1029866.67,18236244.9440832,0.8436690944
Mexico,Cozumel,L&M,4800,222.72,4037.996669271,0.8412493061
Turkey,Gaziantep Airport,LARK,2600,111.58,2159.023591576,0.8303936891
Latvia,Riga,MARLBORO,33923200,2048385.64,28948708.349303,0.8533601886
Maldives,Male,PARLIAMENT,204088,14897.51,177469.136480775,0.8695716381
Turkey,Bodrum Airport,PARLIAMENT,1014800,77630.13,887325.656266734,0.8743847618
Mexico,Puerto Vallarta,L&M,260000,11981.11,218365.197785322,0.8398661453
Brazil,Brasilia,PARLIAMENT,1000,32.65,748.853211009,0.748853211
Tunisia,Tozeur,PHILIP MORRIS,24400,1259.14,20752.344541561,0.8505059238
Caribbean Other,Port-au-Prince (Haiti),PARLIAMENT,3000,78.3,2113.360323887,0.7044534413
Turkey,Eskisehir Airport,MARLBORO,241600,12502.25,201319.129456459,0.8332745425
Ireland,Dublin,MARLBORO,9337800,668892.6,8156668.26813894,0.8735107057
Australia,Adelaide,MARLBORO,12100,1782.28,11306.688105314,0.9344370335
China,Changsha Huanghua,MARLBORO,1091340,31830.5,790590.746507814,0.7244220376
Czech Republic,Ostrava,MARLBORO,151600,16772.45,138607.611564781,0.9142982293
Kazakhstan,Astana,MARLBORO,451800,16207.01,350673.56129856,0.7761699011
Caribbean Other,Port-au-Prince (Haiti),L&M,62200,1159.16,42256.801331148,0.6793697963
Italy,Bologna,CHESTERFIELD,104200,4951.46,84576.237601532,0.8116721459
Canary Islands,Tenerife,MARLBORO,28868400,1880212.82,24905650.2458437,0.8627305374
Poland,Szczecin,CHESTERFIELD,31120,1511.57,25362.713205071,0.814997211
Greece,Corfu,L&M,432000,8849.64,302862.856056976,0.7010714261
Belize,Belize City,L&M,19814,642.28,15607.996369702,0.7877256672
Iraq,Basrah,PARLIAMENT,750000,44499.95,633162.829743035,0.8442171063
Japan,Tokyo - Narita,MARLBORO,60057000,3838779.68,51676417.2949163,0.8604561882
Italy,Torino,MARLBORO,606600,33095.76,509462.042850532,0.839864891
China,Beijing,MARLBORO,51773600,760158.97,29249844.75103,0.5649567492
Grenada,St. George's Point Saline,CANADIAN CLASSICS,600,44.76,600,1
Ecuador,Guayaquil,MARLBORO,4286600,196404.29,3488697.5297489,0.8138612256
Uzbekistan,Tashkent,MARLBORO,1855200,103974.5,1566353.47960159,0.8443043767
United Arab Emirates,Sharjah,L&M,1942600,95871.11,1649949.44286694,0.8493510979
China,Wuxi Shuofang,MARLBORO,332200,10920.11,250108.186992193,0.7528843678
Egypt,Alexandria,PARLIAMENT,251000,15970.01,214148.385911417,0.8531808204
Ethiopia,Addis Ababa,L&M,1010800,24206.75,665568.753062742,0.658457413
Tunisia,Tozeur,MARLBORO,294400,15487.82,245973.145906348,0.8355066097
Italy,Palermo,MARLBORO,881200,54795.87,755203.456408812,0.8570170863
United Arab Emirates,Abu Dhabi,PARLIAMENT,4434400,374058.5,3924758.59281333,0.8850709437
Germany,Berlin Brandenburg,MARLBORO,4725400,368381.08,4169016.46266454,0.8822568381
Italy,Venice,PHILIP MORRIS,47000,2679.05,40547.612583871,0.8627151614
Turkey,Samsun Airport,MARLBORO,1224000,60858.56,1013060.6877596,0.8276639606
Dominican Republic,La Romana,MARLBORO,609200,24462.03,483353.208940733,0.7934228643
Maldives,Male,L&M,1123532,48769.16,933980.313969443,0.8312894639
Italy,Ciampino Airport,MERIT,33800,2081.6,28874.92253709,0.854287649
Turkey,Adana Airport,L&M,82400,2492.44,63898.792725588,0.7754707855
Norway,Bergen,L&M,80200,4671.77,69742.162911961,0.8696030288
New Zealand,Queenstown,MARLBORO,5000,625.99,4618.693464371,0.9237386929
Austria,Salzburg,MARLBORO,748400,53575.47,653791.430010641,0.8735855559
