Year,Product Category,Location,DF_Market,TMO,Brand Family,CR_BrandId,DF_Vol,Flavor,Taste,Thickness,Length,cum_volume,cum_pct
2024,Cigarettes,Kuwait,Kuwait,PMI,MARLBORO,123518,31284.0,Regular,Full Flavor,SLI,KS,31284.0,1.613111969751484
2024,Cigarettes,Kuwait,Kuwait,PMI,MARLBORO,123518,31284.0,Regular,Full Flavor,SLI,KS,62568.0,3.226223939502967
2024,Cigarettes,Kuwait,Kuwait,PMI,MARLBORO,123518,31284.0,Regular,Full Flavor,SLI,KS,93852.0,4.839335909254451
2024,Cigarettes,Kuwait,Kuwait,PMI,MARLBORO,123518,31284.0,Regular,Full Flavor,SLI,KS,125136.0,6.452447879005935
2024,Cigarettes,Kuwait,Kuwait,PMI,MARLBORO,123518,31284.0,Regular,Full Flavor,SLI,KS,156420.0,8.065559848757418
2024,Cigarettes,Kuwait,Kuwait,PMI,PHILIP MORRIS,90560,29376.4,Regular,Ultralights,STD,KS,185796.4,9.580309320315003
2024,Cigarettes,Kuwait,Kuwait,PMI,PHILIP MORRIS,90560,29376.4,Regular,Ultralights,STD,KS,215172.8,11.09505879187259
2024,Cigarettes,Kuwait,Kuwait,PMI,PHILIP MORRIS,90560,29376.4,Regular,Ultralights,STD,KS,244549.2,12.60980826343017
2024,Cigarettes,Kuwait,Kuwait,PMI,PHILIP MORRIS,90560,29376.4,Regular,Ultralights,STD,KS,273925.6,14.12455773498776
2024,Cigarettes,Kuwait,Kuwait,PMI,PHILIP MORRIS,90560,29376.4,Regular,Ultralights,STD,KS,303302.0,15.63930720654534
2024,Cigarettes,Kuwait,Kuwait,PMI,PHILIP MORRIS,90560,29376.4,Regular,Ultralights,STD,KS,332678.4,17.15405667810293
2024,Cigarettes,Kuwait,Kuwait,PMI,PHILIP MORRIS,90560,29376.4,Regular,Ultralights,STD,KS,362054.8,18.66880614966052
2024,Cigarettes,Kuwait,Kuwait,PMI,MARLBORO,96184,25803.6,Regular,Full Flavor,STD,KS,387858.4,19.99932961285829
2024,Cigarettes,Kuwait,Kuwait,PMI,MARLBORO,96184,25803.6,Regular,Full Flavor,STD,KS,413662.0,21.32985307605608
2024,Cigarettes,Kuwait,Kuwait,PMI,MARLBORO,96184,25803.6,Regular,Full Flavor,STD,KS,439465.6,22.66037653925385
2024,Cigarettes,Kuwait,Kuwait,PMI,MARLBORO,96184,25803.6,Regular,Full Flavor,STD,KS,465269.2,23.99090000245164
2024,Cigarettes,Kuwait,Kuwait,PMI,MARLBORO,96184,25803.6,Regular,Full Flavor,STD,KS,491072.7999999999,25.32142346564941
2024,Cigarettes,Kuwait,Kuwait,PMI,MARLBORO,96184,25803.6,Regular,Full Flavor,STD,KS,516876.3999999999,26.65194692884719
2024,Cigarettes,Kuwait,Kuwait,PMI,L&M,123647,13060.2,Regular,Full Flavor,STD,KS,529936.5999999999,27.32537631598912
2024,Cigarettes,Kuwait,Kuwait,PMI,L&M,123647,13060.2,Regular,Full Flavor,STD,KS,542996.7999999998,27.99880570313106
2024,Cigarettes,Kuwait,Kuwait,PMI,L&M,123647,13060.2,Regular,Full Flavor,STD,KS,556056.9999999998,28.67223509027299
2024,Cigarettes,Kuwait,Kuwait,PMI,L&M,123647,13060.2,Regular,Full Flavor,STD,KS,569117.1999999997,29.34566447741493
2024,Cigarettes,Kuwait,Kuwait,PMI,PARLIAMENT,122946,12186.4,Regular,Full Flavor,STD,KS,581303.5999999997,29.97403769401701
2024,Cigarettes,Kuwait,Kuwait,PMI,PARLIAMENT,122946,12186.4,Regular,Full Flavor,STD,KS,593489.9999999998,30.60241091061909
2024,Cigarettes,Kuwait,Kuwait,PMI,PARLIAMENT,122946,12186.4,Regular,Full Flavor,STD,KS,605676.3999999998,31.23078412722117
2024,Cigarettes,Kuwait,Kuwait,PMI,PARLIAMENT,122946,12186.4,Regular,Full Flavor,STD,KS,617862.7999999998,31.85915734382325
2024,Cigarettes,Kuwait,Kuwait,IMPERIAL BRANDS,DAVIDOFF,70865,10700.8,Regular,Full Flavor,STD,KS,628563.5999999999,32.41092785162011
2024,Cigarettes,Kuwait,Kuwait,IMPERIAL BRANDS,DAVIDOFF,70865,10700.8,Regular,Full Flavor,STD,KS,639264.3999999999,32.96269835941696
2024,Cigarettes,Kuwait,Kuwait,IMPERIAL BRANDS,DAVIDOFF,70865,10700.8,Regular,Full Flavor,STD,KS,649965.2,33.51446886721381
2024,Cigarettes,Kuwait,Kuwait,IMPERIAL BRANDS,DAVIDOFF,70865,10700.8,Regular,Full Flavor,STD,KS,660666.0,34.06623937501067
2024,Cigarettes,Kuwait,Kuwait,IMPERIAL BRANDS,DAVIDOFF,70865,10700.8,Regular,Full Flavor,STD,KS,671366.8,34.61800988280752
2024,Cigarettes,Kuwait,Kuwait,IMPERIAL BRANDS,DAVIDOFF,70865,10700.8,Regular,Full Flavor,STD,KS,682067.6000000001,35.16978039060437
2024,Cigarettes,Kuwait,Kuwait,IMPERIAL BRANDS,DAVIDOFF,70865,10700.8,Regular,Full Flavor,STD,KS,692768.4000000001,35.72155089840123
2024,Cigarettes,Kuwait,Kuwait,IMPERIAL BRANDS,DAVIDOFF,70865,10700.8,Regular,Full Flavor,STD,KS,703469.2000000002,36.27332140619808
2024,Cigarettes,Kuwait,Kuwait,IMPERIAL BRANDS,DAVIDOFF,70865,10700.8,Regular,Full Flavor,STD,KS,714170.0000000002,36.82509191399493
2024,Cigarettes,Kuwait,Kuwait,IMPERIAL BRANDS,DAVIDOFF,70865,10700.8,Regular,Full Flavor,STD,KS,724870.8000000003,37.37686242179178
2024,Cigarettes,Kuwait,Kuwait,IMPERIAL BRANDS,DAVIDOFF,70865,10700.8,Regular,Full Flavor,STD,KS,735571.6000000003,37.92863292958864
2024,Cigarettes,Kuwait,Kuwait,IMPERIAL BRANDS,DAVIDOFF,70865,10700.8,Regular,Full Flavor,STD,KS,746272.4000000004,38.48040343738549
2024,Cigarettes,Kuwait,Kuwait,IMPERIAL BRANDS,DAVIDOFF,70865,10700.8,Regular,Full Flavor,STD,KS,756973.2000000004,39.03217394518235
2024,Cigarettes,Kuwait,Kuwait,IMPERIAL BRANDS,DAVIDOFF,70865,10700.8,Regular,Full Flavor,STD,KS,767674.0000000005,39.5839444529792
2024,Cigarettes,Kuwait,Kuwait,IMPERIAL BRANDS,DAVIDOFF,70865,10700.8,Regular,Full Flavor,STD,KS,778374.8000000005,40.13571496077606
2024,Cigarettes,Kuwait,Kuwait,IMPERIAL BRANDS,DAVIDOFF,70865,10700.8,Regular,Full Flavor,STD,KS,789075.6000000006,40.6874854685729
2024,Cigarettes,Kuwait,Kuwait,IMPERIAL BRANDS,DAVIDOFF,70865,10700.8,Regular,Full Flavor,STD,KS,799776.4000000006,41.23925597636975
2024,Cigarettes,Kuwait,Kuwait,IMPERIAL BRANDS,DAVIDOFF,70865,10700.8,Regular,Full Flavor,STD,KS,810477.2000000007,41.79102648416661
2024,Cigarettes,Kuwait,Kuwait,PMI,L&M,98816,10104.0,Regular,Full Flavor,STD,KS,820581.2000000007,42.31202390592755
2024,Cigarettes,Kuwait,Kuwait,PMI,L&M,98816,10104.0,Regular,Full Flavor,STD,KS,830685.2000000007,42.83302132768848
2024,Cigarettes,Kuwait,Kuwait,PMI,L&M,98816,10104.0,Regular,Full Flavor,STD,KS,840789.2000000007,43.35401874944941
2024,Cigarettes,Kuwait,Kuwait,PMI,L&M,98816,10104.0,Regular,Full Flavor,STD,KS,850893.2000000007,43.87501617121033
2024,Cigarettes,Kuwait,Kuwait,PMI,MARLBORO,123513,9194.2,Regular,Full Flavor,SLI,KS,860087.4000000006,44.34910113708072
2024,Cigarettes,Kuwait,Kuwait,PMI,MARLBORO,123513,9194.2,Regular,Full Flavor,SLI,KS,869281.6000000006,44.8231861029511
2024,Cigarettes,Kuwait,Kuwait,PMI,MARLBORO,123513,9194.2,Regular,Full Flavor,SLI,KS,878475.8000000005,45.29727106882148
2024,Cigarettes,Kuwait,Kuwait,PMI,MARLBORO,123513,9194.2,Regular,Full Flavor,SLI,KS,887670.0000000005,45.77135603469186
2024,Cigarettes,Kuwait,Kuwait,PMI,MARLBORO,123513,9194.2,Regular,Full Flavor,SLI,KS,896864.2000000004,46.24544100056224
2024,Cigarettes,Kuwait,Kuwait,PMI,PARLIAMENT,122947,8377.6,Regular,Full Flavor,STD,KS,905241.8000000004,46.67741922706109
2024,Cigarettes,Kuwait,Kuwait,PMI,PARLIAMENT,122947,8377.6,Regular,Full Flavor,STD,KS,913619.4000000004,47.10939745355994
2024,Cigarettes,Kuwait,Kuwait,PMI,PARLIAMENT,122947,8377.6,Regular,Full Flavor,STD,KS,921997.0000000003,47.54137568005879
2024,Cigarettes,Kuwait,Kuwait,PMI,PARLIAMENT,122947,8377.6,Regular,Full Flavor,STD,KS,930374.6000000003,47.97335390655764
2024,Cigarettes,Kuwait,Kuwait,IMPERIAL BRANDS,DAVIDOFF,88913,7175.4,Regular,Full Flavor,STD,KS,937550.0000000003,48.34334251503977
2024,Cigarettes,Kuwait,Kuwait,IMPERIAL BRANDS,DAVIDOFF,88913,7175.4,Regular,Full Flavor,STD,KS,944725.4000000004,48.71333112352189
2024,Cigarettes,Kuwait,Kuwait,IMPERIAL BRANDS,DAVIDOFF,88913,7175.4,Regular,Full Flavor,STD,KS,951900.8000000004,49.08331973200402
2024,Cigarettes,Kuwait,Kuwait,IMPERIAL BRANDS,DAVIDOFF,88913,7175.4,Regular,Full Flavor,STD,KS,959076.2000000004,49.45330834048615
2024,Cigarettes,Kuwait,Kuwait,IMPERIAL BRANDS,DAVIDOFF,88913,7175.4,Regular,Full Flavor,STD,KS,966251.6000000004,49.82329694896827
2024,Cigarettes,Kuwait,Kuwait,IMPERIAL BRANDS,DAVIDOFF,88913,7175.4,Regular,Full Flavor,STD,KS,973427.0000000005,50.19328555745039
2024,Cigarettes,Kuwait,Kuwait,IMPERIAL BRANDS,DAVIDOFF,88913,7175.4,Regular,Full Flavor,STD,KS,980602.4000000005,50.56327416593253
2024,Cigarettes,Kuwait,Kuwait,IMPERIAL BRANDS,DAVIDOFF,88913,7175.4,Regular,Full Flavor,STD,KS,987777.8000000005,50.93326277441464
2024,Cigarettes,Kuwait,Kuwait,IMPERIAL BRANDS,DAVIDOFF,88913,7175.4,Regular,Full Flavor,STD,KS,994953.2000000005,51.30325138289678
2024,Cigarettes,Kuwait,Kuwait,IMPERIAL BRANDS,DAVIDOFF,88913,7175.4,Regular,Full Flavor,STD,KS,1002128.600000001,51.67323999137891
2024,Cigarettes,Kuwait,Kuwait,IMPERIAL BRANDS,DAVIDOFF,88913,7175.4,Regular,Full Flavor,STD,KS,1009304.000000001,52.04322859986102
2024,Cigarettes,Kuwait,Kuwait,IMPERIAL BRANDS,DAVIDOFF,88913,7175.4,Regular,Full Flavor,STD,KS,1016479.400000001,52.41321720834316
2024,Cigarettes,Kuwait,Kuwait,IMPERIAL BRANDS,DAVIDOFF,88913,7175.4,Regular,Full Flavor,STD,KS,1023654.800000001,52.78320581682529
2024,Cigarettes,Kuwait,Kuwait,IMPERIAL BRANDS,DAVIDOFF,88913,7175.4,Regular,Full Flavor,STD,KS,1030830.200000001,53.1531944253074
2024,Cigarettes,Kuwait,Kuwait,IMPERIAL BRANDS,DAVIDOFF,88913,7175.4,Regular,Full Flavor,STD,KS,1038005.600000001,53.52318303378954
2024,Cigarettes,Kuwait,Kuwait,IMPERIAL BRANDS,DAVIDOFF,88913,7175.4,Regular,Full Flavor,STD,KS,1045181.000000001,53.89317164227165
2024,Cigarettes,Kuwait,Kuwait,IMPERIAL BRANDS,DAVIDOFF,88913,7175.4,Regular,Full Flavor,STD,KS,1052356.400000001,54.26316025075378
2024,Cigarettes,Kuwait,Kuwait,IMPERIAL BRANDS,DAVIDOFF,88913,7175.4,Regular,Full Flavor,STD,KS,1059531.800000001,54.6331488592359
2024,Cigarettes,Kuwait,Kuwait,PMI,MARLBORO,123515,6411.2,Regular,Full Flavor,SLI,KS,1065943.0,54.96373265480139
2024,Cigarettes,Kuwait,Kuwait,PMI,MARLBORO,123515,6411.2,Regular,Full Flavor,SLI,KS,1072354.2,55.29431645036686
2024,Cigarettes,Kuwait,Kuwait,PMI,MARLBORO,123515,6411.2,Regular,Full Flavor,SLI,KS,1078765.4,55.62490024593235
2024,Cigarettes,Kuwait,Kuwait,PMI,MARLBORO,123515,6411.2,Regular,Full Flavor,SLI,KS,1085176.6,55.95548404149784
2024,Cigarettes,Kuwait,Kuwait,PMI,MARLBORO,123515,6411.2,Regular,Full Flavor,SLI,KS,1091587.8,56.28606783706333
2024,Cigarettes,Kuwait,Kuwait,PMI,MARLBORO,123486,5931.6,Regular,Full Flavor,SLI,KS,1097519.4,56.59192178667904
2024,Cigarettes,Kuwait,Kuwait,PMI,MARLBORO,123486,5931.6,Regular,Full Flavor,SLI,KS,1103451.0,56.89777573629475
2024,Cigarettes,Kuwait,Kuwait,PMI,MARLBORO,123486,5931.6,Regular,Full Flavor,SLI,KS,1109382.600000001,57.20362968591047
2024,Cigarettes,Kuwait,Kuwait,PMI,MARLBORO,123486,5931.6,Regular,Full Flavor,SLI,KS,1115314.200000001,57.50948363552619
2024,Cigarettes,Kuwait,Kuwait,PMI,MARLBORO,113962,5740.8,Regular,Full Flavor,STD,KS,1121055.000000001,57.80549927278324
2024,Cigarettes,Kuwait,Kuwait,PMI,MARLBORO,113962,5740.8,Regular,Full Flavor,STD,KS,1126795.800000001,58.10151491004027
2024,Cigarettes,Kuwait,Kuwait,PMI,MARLBORO,113962,5740.8,Regular,Full Flavor,STD,KS,1132536.600000001,58.39753054729733
2024,Cigarettes,Kuwait,Kuwait,PMI,MARLBORO,113962,5740.8,Regular,Full Flavor,STD,KS,1138277.400000001,58.69354618455437
2024,Cigarettes,Kuwait,Kuwait,PMI,MARLBORO,113962,5740.8,Regular,Full Flavor,STD,KS,1144018.200000001,58.98956182181141
2024,Cigarettes,Kuwait,Kuwait,PMI,MARLBORO,113962,5740.8,Regular,Full Flavor,STD,KS,1149759.000000001,59.28557745906846
2024,Cigarettes,Kuwait,Kuwait,PMI,MARLBORO,107201,5690.4,Regular,Full Flavor,STD,KS,1155449.400000001,59.57899429683453
2024,Cigarettes,Kuwait,Kuwait,PMI,MARLBORO,107201,5690.4,Regular,Full Flavor,STD,KS,1161139.800000001,59.87241113460059
2024,Cigarettes,Kuwait,Kuwait,PMI,MARLBORO,107201,5690.4,Regular,Full Flavor,STD,KS,1166830.200000001,60.16582797236666
2024,Cigarettes,Kuwait,Kuwait,PMI,MARLBORO,107201,5690.4,Regular,Full Flavor,STD,KS,1172520.600000001,60.45924481013273
2024,Cigarettes,Kuwait,Kuwait,PMI,MARLBORO,107201,5690.4,Regular,Full Flavor,STD,KS,1178211.0,60.7526616478988
2024,Cigarettes,Kuwait,Kuwait,PMI,MARLBORO,107201,5690.4,Regular,Full Flavor,STD,KS,1183901.4,61.04607848566486
2024,Cigarettes,Kuwait,Kuwait,PMI,MARLBORO,123517,5619.6,Regular,Full Flavor,SLI,KS,1189521.0,61.33584462890792
2024,Cigarettes,Kuwait,Kuwait,PMI,MARLBORO,123517,5619.6,Regular,Full Flavor,SLI,KS,1195140.600000001,61.62561077215097
2024,Cigarettes,Kuwait,Kuwait,PMI,MARLBORO,123517,5619.6,Regular,Full Flavor,SLI,KS,1200760.200000001,61.91537691539401
2024,Cigarettes,Kuwait,Kuwait,PMI,MARLBORO,123517,5619.6,Regular,Full Flavor,SLI,KS,1206379.800000001,62.20514305863707
2024,Cigarettes,Kuwait,Kuwait,PMI,MARLBORO,125836,5427.6,Regular,Full Flavor,SLI,KS,1211807.400000001,62.4850090133431
2024,Cigarettes,Kuwait,Kuwait,PMI,MARLBORO,125836,5427.6,Regular,Full Flavor,SLI,KS,1217235.000000001,62.76487496804912
2024,Cigarettes,Kuwait,Kuwait,PMI,MARLBORO,125836,5427.6,Regular,Full Flavor,SLI,KS,1222662.600000001,63.04474092275515
2024,Cigarettes,Kuwait,Kuwait,PMI,MARLBORO,125836,5427.6,Regular,Full Flavor,SLI,KS,1228090.200000001,63.32460687746118
2024,Cigarettes,Kuwait,Kuwait,PMI,L&M,123645,5133.8,Regular,Full Flavor,STD,KS,1233224.000000001,63.58932348116627
2024,Cigarettes,Kuwait,Kuwait,PMI,L&M,123645,5133.8,Regular,Full Flavor,STD,KS,1238357.800000001,63.85404008487136
2024,Cigarettes,Kuwait,Kuwait,PMI,L&M,123645,5133.8,Regular,Full Flavor,STD,KS,1243491.600000001,64.11875668857647
2024,Cigarettes,Kuwait,Kuwait,PMI,L&M,123645,5133.8,Regular,Full Flavor,STD,KS,1248625.400000001,64.38347329228155
2024,Cigarettes,Kuwait,Kuwait,PMI,L&M,123645,5133.8,Regular,Full Flavor,STD,KS,1253759.200000001,64.64818989598665
2024,Cigarettes,Kuwait,Kuwait,PMI,MARLBORO,124857,4877.0,Regular,Full Flavor,SLI,KS,1258636.200000001,64.89966499752347
2024,Cigarettes,Kuwait,Kuwait,PMI,MARLBORO,124857,4877.0,Regular,Full Flavor,SLI,KS,1263513.200000001,65.1511400990603
2024,Cigarettes,Kuwait,Kuwait,PMI,MARLBORO,124857,4877.0,Regular,Full Flavor,SLI,KS,1268390.200000001,65.40261520059713
2024,Cigarettes,Kuwait,Kuwait,PMI,MARLBORO,124857,4877.0,Regular,Full Flavor,SLI,KS,1273267.200000001,65.65409030213395
2024,Cigarettes,Kuwait,Kuwait,PMI,MARLBORO,124857,4877.0,Regular,Full Flavor,SLI,KS,1278144.200000001,65.90556540367078
2024,Cigarettes,Kuwait,Kuwait,PMI,PARLIAMENT,122961,4614.6,Regular,Full Flavor,STD,KS,1282758.800000001,66.14351024754033
2024,Cigarettes,Kuwait,Kuwait,PMI,PARLIAMENT,122961,4614.6,Regular,Full Flavor,STD,KS,1287373.400000002,66.38145509140989
2024,Cigarettes,Kuwait,Kuwait,PMI,PARLIAMENT,122961,4614.6,Regular,Full Flavor,STD,KS,1291988.000000002,66.61939993527946
2024,Cigarettes,Kuwait,Kuwait,PMI,PARLIAMENT,122961,4614.6,Regular,Full Flavor,STD,KS,1296602.600000002,66.85734477914902
2024,Cigarettes,Kuwait,Kuwait,KT & G,ESSE,54947,4447.2,Regular,Full Flavor,SSL,100,1301049.800000002,67.08665789613785
2024,Cigarettes,Kuwait,Kuwait,KT & G,ESSE,54947,4447.2,Regular,Full Flavor,SSL,100,1305497.000000002,67.31597101312668
2024,Cigarettes,Kuwait,Kuwait,KT & G,ESSE,54947,4447.2,Regular,Full Flavor,SSL,100,1309944.200000002,67.54528413011552
2024,Cigarettes,Kuwait,Kuwait,KT & G,ESSE,54947,4447.2,Regular,Full Flavor,SSL,100,1314391.400000002,67.77459724710437
2024,Cigarettes,Kuwait,Kuwait,KT & G,ESSE,54947,4447.2,Regular,Full Flavor,SSL,100,1318838.600000001,68.00391036409319
2024,Cigarettes,Kuwait,Kuwait,KT & G,ESSE,54947,4447.2,Regular,Full Flavor,SSL,100,1323285.800000001,68.23322348108204
2024,Cigarettes,Kuwait,Kuwait,KT & G,ESSE,54947,4447.2,Regular,Full Flavor,SSL,100,1327733.000000001,68.46253659807087
2024,Cigarettes,Kuwait,Kuwait,KT & G,ESSE,54947,4447.2,Regular,Full Flavor,SSL,100,1332180.200000001,68.69184971505969
2024,Cigarettes,Kuwait,Kuwait,KT & G,ESSE,54947,4447.2,Regular,Full Flavor,SSL,100,1336627.400000001,68.92116283204854
2024,Cigarettes,Kuwait,Kuwait,KT & G,ESSE,54947,4447.2,Regular,Full Flavor,SSL,100,1341074.600000001,69.15047594903737
2024,Cigarettes,Kuwait,Kuwait,KT & G,ESSE,54947,4447.2,Regular,Full Flavor,SSL,100,1345521.800000001,69.3797890660262
2024,Cigarettes,Kuwait,Kuwait,KT & G,ESSE,54947,4447.2,Regular,Full Flavor,SSL,100,1349969.000000001,69.60910218301504
2024,Cigarettes,Kuwait,Kuwait,KT & G,ESSE,54947,4447.2,Regular,Full Flavor,SSL,100,1354416.200000001,69.83841530000387
2024,Cigarettes,Kuwait,Kuwait,KT & G,ESSE,54947,4447.2,Regular,Full Flavor,SSL,100,1358863.400000001,70.06772841699271
2024,Cigarettes,Kuwait,Kuwait,BAT,BENSON & HEDGES,42846,4187.4,Regular,Lights,STD,KS,1363050.800000001,70.28364534136739
2024,Cigarettes,Kuwait,Kuwait,BAT,BENSON & HEDGES,42846,4187.4,Regular,Lights,STD,KS,1367238.200000001,70.49956226574206
2024,Cigarettes,Kuwait,Kuwait,BAT,BENSON & HEDGES,42846,4187.4,Regular,Lights,STD,KS,1371425.600000001,70.71547919011672
2024,Cigarettes,Kuwait,Kuwait,BAT,BENSON & HEDGES,42846,4187.4,Regular,Lights,STD,KS,1375613.000000001,70.93139611449139
2024,Cigarettes,Kuwait,Kuwait,BAT,BENSON & HEDGES,42846,4187.4,Regular,Lights,STD,KS,1379800.400000001,71.14731303886607
2024,Cigarettes,Kuwait,Kuwait,BAT,BENSON & HEDGES,42846,4187.4,Regular,Lights,STD,KS,1383987.800000001,71.36322996324074
2024,Cigarettes,Kuwait,Kuwait,BAT,BENSON & HEDGES,42846,4187.4,Regular,Lights,STD,KS,1388175.2,71.57914688761541
2024,Cigarettes,Kuwait,Kuwait,BAT,BENSON & HEDGES,42846,4187.4,Regular,Lights,STD,KS,1392362.6,71.79506381199008
2024,Cigarettes,Kuwait,Kuwait,BAT,BENSON & HEDGES,42846,4187.4,Regular,Lights,STD,KS,1396550.0,72.01098073636474
2024,Cigarettes,Kuwait,Kuwait,BAT,BENSON & HEDGES,42846,4187.4,Regular,Lights,STD,KS,1400737.4,72.22689766073943
2024,Cigarettes,Kuwait,Kuwait,BAT,BENSON & HEDGES,42846,4187.4,Regular,Lights,STD,KS,1404924.8,72.44281458511409
2024,Cigarettes,Kuwait,Kuwait,BAT,BENSON & HEDGES,42846,4187.4,Regular,Lights,STD,KS,1409112.2,72.65873150948876
2024,Cigarettes,Kuwait,Kuwait,BAT,BENSON & HEDGES,42846,4187.4,Regular,Lights,STD,KS,1413299.6,72.87464843386343
2024,Cigarettes,Kuwait,Kuwait,BAT,BENSON & HEDGES,42846,4187.4,Regular,Lights,STD,KS,1417487.0,73.09056535823811
2024,Cigarettes,Kuwait,Kuwait,BAT,BENSON & HEDGES,42846,4187.4,Regular,Lights,STD,KS,1421674.4,73.30648228261279
2024,Cigarettes,Kuwait,Kuwait,BAT,BENSON & HEDGES,42846,4187.4,Regular,Lights,STD,KS,1425861.8,73.52239920698746
2024,Cigarettes,Kuwait,Kuwait,BAT,BENSON & HEDGES,42846,4187.4,Regular,Lights,STD,KS,1430049.199999999,73.73831613136213
2024,Cigarettes,Kuwait,Kuwait,BAT,BENSON & HEDGES,42846,4187.4,Regular,Lights,STD,KS,1434236.599999999,73.9542330557368
2024,Cigarettes,Kuwait,Kuwait,PMI,PARLIAMENT,122945,4089.8,Regular,Full Flavor,STD,KS,1438326.399999999,74.16511738427182
2024,Cigarettes,Kuwait,Kuwait,PMI,PARLIAMENT,122945,4089.8,Regular,Full Flavor,STD,KS,1442416.199999999,74.37600171280684
2024,Cigarettes,Kuwait,Kuwait,PMI,PARLIAMENT,122945,4089.8,Regular,Full Flavor,STD,KS,1446506.0,74.58688604134186
2024,Cigarettes,Kuwait,Kuwait,PMI,PARLIAMENT,122945,4089.8,Regular,Full Flavor,STD,KS,1450595.8,74.79777036987689
2024,Cigarettes,Kuwait,Kuwait,PMI,L&M,123642,4069.2,Regular,Full Flavor,STD,KS,1454665.0,75.00759249068346
2024,Cigarettes,Kuwait,Kuwait,PMI,L&M,123642,4069.2,Regular,Full Flavor,STD,KS,1458734.199999999,75.21741461149001
2024,Cigarettes,Kuwait,Kuwait,PMI,L&M,123642,4069.2,Regular,Full Flavor,STD,KS,1462803.399999999,75.42723673229659
2024,Cigarettes,Kuwait,Kuwait,PMI,L&M,123642,4069.2,Regular,Full Flavor,STD,KS,1466872.599999999,75.63705885310316
2024,Cigarettes,Kuwait,Kuwait,PMI,L&M,123642,4069.2,Regular,Full Flavor,STD,KS,1470941.799999999,75.84688097390972
2024,Cigarettes,Kuwait,Kuwait,IMPERIAL BRANDS,DAVIDOFF,70489,3897.6,Regular,Full Flavor,SLI,KS,1474839.399999999,76.04785480121133
2024,Cigarettes,Kuwait,Kuwait,IMPERIAL BRANDS,DAVIDOFF,70489,3897.6,Regular,Full Flavor,SLI,KS,1478737.0,76.24882862851294
2024,Cigarettes,Kuwait,Kuwait,IMPERIAL BRANDS,DAVIDOFF,70489,3897.6,Regular,Full Flavor,SLI,KS,1482634.6,76.44980245581455
2024,Cigarettes,Kuwait,Kuwait,IMPERIAL BRANDS,DAVIDOFF,70489,3897.6,Regular,Full Flavor,SLI,KS,1486532.2,76.65077628311616
2024,Cigarettes,Kuwait,Kuwait,IMPERIAL BRANDS,DAVIDOFF,70489,3897.6,Regular,Full Flavor,SLI,KS,1490429.8,76.85175011041777
2024,Cigarettes,Kuwait,Kuwait,IMPERIAL BRANDS,DAVIDOFF,70489,3897.6,Regular,Full Flavor,SLI,KS,1494327.4,77.05272393771938
2024,Cigarettes,Kuwait,Kuwait,BAT,DUNHILL,50827,3454.2,Regular,Full Flavor,STD,KS,1497781.6,77.23083451711828
2024,Cigarettes,Kuwait,Kuwait,BAT,DUNHILL,50827,3454.2,Regular,Full Flavor,STD,KS,1501235.8,77.4089450965172
2024,Cigarettes,Kuwait,Kuwait,BAT,DUNHILL,50827,3454.2,Regular,Full Flavor,STD,KS,1504690.0,77.5870556759161
2024,Cigarettes,Kuwait,Kuwait,BAT,DUNHILL,50827,3454.2,Regular,Full Flavor,STD,KS,1508144.2,77.76516625531502
2024,Cigarettes,Kuwait,Kuwait,BAT,DUNHILL,50827,3454.2,Regular,Full Flavor,STD,KS,1511598.4,77.94327683471393
2024,Cigarettes,Kuwait,Kuwait,BAT,DUNHILL,50827,3454.2,Regular,Full Flavor,STD,KS,1515052.6,78.12138741411285
2024,Cigarettes,Kuwait,Kuwait,BAT,DUNHILL,50827,3454.2,Regular,Full Flavor,STD,KS,1518506.8,78.29949799351175
2024,Cigarettes,Kuwait,Kuwait,BAT,DUNHILL,50827,3454.2,Regular,Full Flavor,STD,KS,1521961.0,78.47760857291067
2024,Cigarettes,Kuwait,Kuwait,BAT,DUNHILL,50827,3454.2,Regular,Full Flavor,STD,KS,1525415.199999999,78.65571915230957
2024,Cigarettes,Kuwait,Kuwait,BAT,DUNHILL,50827,3454.2,Regular,Full Flavor,STD,KS,1528869.399999999,78.83382973170848
2024,Cigarettes,Kuwait,Kuwait,BAT,DUNHILL,50827,3454.2,Regular,Full Flavor,STD,KS,1532323.599999999,79.01194031110738
2024,Cigarettes,Kuwait,Kuwait,BAT,DUNHILL,50827,3454.2,Regular,Full Flavor,STD,KS,1535777.799999999,79.1900508905063
2024,Cigarettes,Kuwait,Kuwait,BAT,DUNHILL,50827,3454.2,Regular,Full Flavor,STD,KS,1539231.999999999,79.3681614699052
2024,Cigarettes,Kuwait,Kuwait,BAT,DUNHILL,50827,3454.2,Regular,Full Flavor,STD,KS,1542686.199999999,79.54627204930412
2024,Cigarettes,Kuwait,Kuwait,BAT,DUNHILL,50827,3454.2,Regular,Full Flavor,STD,KS,1546140.399999999,79.72438262870303
2024,Cigarettes,Kuwait,Kuwait,PMI,MARLBORO,123438,3422.0,Regular,Full Flavor,SLI,KS,1549562.399999999,79.90083286398271
2024,Cigarettes,Kuwait,Kuwait,PMI,MARLBORO,123438,3422.0,Regular,Full Flavor,SLI,KS,1552984.399999999,80.0772830992624
2024,Cigarettes,Kuwait,Kuwait,PMI,MARLBORO,123438,3422.0,Regular,Full Flavor,SLI,KS,1556406.399999999,80.25373333454208
2024,Cigarettes,Kuwait,Kuwait,PMI,MARLBORO,123438,3422.0,Regular,Full Flavor,SLI,KS,1559828.399999999,80.43018356982175
2024,Cigarettes,Kuwait,Kuwait,PMI,MARLBORO,123438,3422.0,Regular,Full Flavor,SLI,KS,1563250.399999999,80.60663380510144
2024,Cigarettes,Kuwait,Kuwait,ITC Ltd.,WILLS NAVY CUT,124479,3306.4,Regular,Full Flavor,STD,KS,1566556.799999999,80.77712330186611
2024,Cigarettes,Kuwait,Kuwait,ITC Ltd.,WILLS NAVY CUT,124479,3306.4,Regular,Full Flavor,STD,KS,1569863.199999999,80.9476127986308
2024,Cigarettes,Kuwait,Kuwait,ITC Ltd.,WILLS NAVY CUT,124479,3306.4,Regular,Full Flavor,STD,KS,1573169.599999999,81.11810229539546
2024,Cigarettes,Kuwait,Kuwait,ITC Ltd.,WILLS NAVY CUT,124479,3306.4,Regular,Full Flavor,STD,KS,1576475.999999999,81.28859179216015
2024,Cigarettes,Kuwait,Kuwait,ITC Ltd.,WILLS NAVY CUT,124479,3306.4,Regular,Full Flavor,STD,KS,1579782.399999999,81.45908128892484
2024,Cigarettes,Kuwait,Kuwait,PMI,L&M,123646,3289.0,Regular,Full Flavor,STD,KS,1583071.399999999,81.62867358110334
2024,Cigarettes,Kuwait,Kuwait,PMI,L&M,123646,3289.0,Regular,Full Flavor,STD,KS,1586360.399999999,81.79826587328185
2024,Cigarettes,Kuwait,Kuwait,PMI,L&M,123646,3289.0,Regular,Full Flavor,STD,KS,1589649.399999999,81.96785816546037
2024,Cigarettes,Kuwait,Kuwait,PMI,L&M,123646,3289.0,Regular,Full Flavor,STD,KS,1592938.399999999,82.13745045763888
2024,Cigarettes,Kuwait,Kuwait,PMI,L&M,123646,3289.0,Regular,Full Flavor,STD,KS,1596227.399999999,82.3070427498174
2024,Cigarettes,Kuwait,Kuwait,PMI,MARLBORO,113646,3122.0,Regular,Full Flavor,STD,KS,1599349.399999999,82.46802394050798
2024,Cigarettes,Kuwait,Kuwait,PMI,MARLBORO,113646,3122.0,Regular,Full Flavor,STD,KS,1602471.399999999,82.62900513119855
2024,Cigarettes,Kuwait,Kuwait,PMI,MARLBORO,113646,3122.0,Regular,Full Flavor,STD,KS,1605593.399999999,82.78998632188915
2024,Cigarettes,Kuwait,Kuwait,PMI,MARLBORO,113646,3122.0,Regular,Full Flavor,STD,KS,1608715.399999999,82.95096751257972
2024,Cigarettes,Kuwait,Kuwait,PMI,MARLBORO,113646,3122.0,Regular,Full Flavor,STD,KS,1611837.399999999,83.1119487032703
2024,Cigarettes,Kuwait,Kuwait,PMI,MARLBORO,113646,3122.0,Regular,Full Flavor,STD,KS,1614959.399999999,83.27292989396088
2024,Cigarettes,Kuwait,Kuwait,PMI,MARLBORO,113646,3122.0,Regular,Full Flavor,STD,KS,1618081.399999999,83.43391108465146
2024,Cigarettes,Kuwait,Kuwait,BAT,JOHN PLAYER,63855,2963.2,Regular,Lights,STD,KS,1621044.599999999,83.58670399440621
2024,Cigarettes,Kuwait,Kuwait,BAT,JOHN PLAYER,63855,2963.2,Regular,Lights,STD,KS,1624007.799999999,83.73949690416096
2024,Cigarettes,Kuwait,Kuwait,BAT,JOHN PLAYER,63855,2963.2,Regular,Lights,STD,KS,1626970.999999999,83.8922898139157
2024,Cigarettes,Kuwait,Kuwait,BAT,JOHN PLAYER,63855,2963.2,Regular,Lights,STD,KS,1629934.199999999,84.04508272367045
2024,Cigarettes,Kuwait,Kuwait,BAT,JOHN PLAYER,63855,2963.2,Regular,Lights,STD,KS,1632897.399999999,84.1978756334252
2024,Cigarettes,Kuwait,Kuwait,BAT,JOHN PLAYER,63855,2963.2,Regular,Lights,STD,KS,1635860.599999998,84.35066854317994
2024,Cigarettes,Kuwait,Kuwait,PMI,MARLBORO,91859,2807.8,Regular,Full Flavor,STD,KS,1638668.399999999,84.49544848783755
2024,Cigarettes,Kuwait,Kuwait,PMI,MARLBORO,91859,2807.8,Regular,Full Flavor,STD,KS,1641476.199999999,84.64022843249515
2024,Cigarettes,Kuwait,Kuwait,PMI,MARLBORO,91859,2807.8,Regular,Full Flavor,STD,KS,1644283.999999999,84.78500837715274
2024,Cigarettes,Kuwait,Kuwait,PMI,MARLBORO,91859,2807.8,Regular,Full Flavor,STD,KS,1647091.799999999,84.92978832181034
2024,Cigarettes,Kuwait,Kuwait,PMI,MARLBORO,91859,2807.8,Regular,Full Flavor,STD,KS,1649899.599999999,85.07456826646794
2024,Cigarettes,Kuwait,Kuwait,PMI,MARLBORO,91859,2807.8,Regular,Full Flavor,STD,KS,1652707.399999999,85.21934821112553
2024,Cigarettes,Kuwait,Kuwait,PMI,MARLBORO,91859,2807.8,Regular,Full Flavor,STD,KS,1655515.199999999,85.36412815578312
2024,Cigarettes,Kuwait,Kuwait,PMI,MARLBORO,123408,2033.0,Regular,Full Flavor,SLI,KS,1657548.199999999,85.46895671461527
2024,Cigarettes,Kuwait,Kuwait,PMI,MARLBORO,123408,2033.0,Regular,Full Flavor,SLI,KS,1659581.199999999,85.57378527344743
2024,Cigarettes,Kuwait,Kuwait,PMI,MARLBORO,123408,2033.0,Regular,Full Flavor,SLI,KS,1661614.199999999,85.67861383227957
2024,Cigarettes,Kuwait,Kuwait,PMI,MARLBORO,123408,2033.0,Regular,Full Flavor,SLI,KS,1663647.199999999,85.7834423911117
2024,Cigarettes,Kuwait,Kuwait,BAT,KENT,55420,1906.0,Regular,Full Flavor,STD,100,1665553.199999999,85.88172238773446
2024,Cigarettes,Kuwait,Kuwait,BAT,KENT,55420,1906.0,Regular,Full Flavor,STD,100,1667459.199999999,85.9800023843572
2024,Cigarettes,Kuwait,Kuwait,BAT,KENT,55420,1906.0,Regular,Full Flavor,STD,100,1669365.199999999,86.07828238097997
2024,Cigarettes,Kuwait,Kuwait,BAT,KENT,55420,1906.0,Regular,Full Flavor,STD,100,1671271.199999999,86.17656237760272
2024,Cigarettes,Kuwait,Kuwait,BAT,KENT,55420,1906.0,Regular,Full Flavor,STD,100,1673177.199999999,86.27484237422549
2024,Cigarettes,Kuwait,Kuwait,PMI,MARLBORO,123514,1799.8,Regular,Full Flavor,SLI,KS,1674976.999999999,86.3676463290637
2024,Cigarettes,Kuwait,Kuwait,PMI,MARLBORO,123514,1799.8,Regular,Full Flavor,SLI,KS,1676776.799999999,86.46045028390192
2024,Cigarettes,Kuwait,Kuwait,PMI,MARLBORO,123514,1799.8,Regular,Full Flavor,SLI,KS,1678576.599999999,86.55325423874014
2024,Cigarettes,Kuwait,Kuwait,PMI,MARLBORO,123514,1799.8,Regular,Full Flavor,SLI,KS,1680376.399999999,86.64605819357836
2024,Cigarettes,Kuwait,Kuwait,PMI,MARLBORO,123514,1799.8,Regular,Full Flavor,SLI,KS,1682176.199999999,86.73886214841657
2024,Cigarettes,Kuwait,Kuwait,PMI,MARLBORO,123514,1799.8,Regular,Full Flavor,SLI,KS,1683975.999999999,86.83166610325479
2024,Cigarettes,Kuwait,Kuwait,PMI,PARLIAMENT,122939,1608.6,Regular,Full Flavor,STD,KS,1685584.599999999,86.91461112034156
2024,Cigarettes,Kuwait,Kuwait,PMI,PARLIAMENT,122939,1608.6,Regular,Full Flavor,STD,KS,1687193.199999999,86.99755613742832
2024,Cigarettes,Kuwait,Kuwait,PMI,PARLIAMENT,122939,1608.6,Regular,Full Flavor,STD,KS,1688801.799999999,87.08050115451509
2024,Cigarettes,Kuwait,Kuwait,PMI,PARLIAMENT,122939,1608.6,Regular,Full Flavor,STD,KS,1690410.399999999,87.16344617160186
2024,Cigarettes,Kuwait,Kuwait,BAT,ROTHMANS,46008,1575.8,Regular,Full Flavor,STD,KS,1691986.199999999,87.24469990648022
2024,Cigarettes,Kuwait,Kuwait,BAT,ROTHMANS,46008,1575.8,Regular,Full Flavor,STD,KS,1693562.0,87.32595364135857
2024,Cigarettes,Kuwait,Kuwait,BAT,ROTHMANS,46008,1575.8,Regular,Full Flavor,STD,KS,1695137.8,87.40720737623691
2024,Cigarettes,Kuwait,Kuwait,BAT,ROTHMANS,46008,1575.8,Regular,Full Flavor,STD,KS,1696713.6,87.48846111111529
2024,Cigarettes,Kuwait,Kuwait,BAT,ROTHMANS,46008,1575.8,Regular,Full Flavor,STD,KS,1698289.4,87.56971484599363
2024,Cigarettes,Kuwait,Kuwait,BAT,ROTHMANS,46008,1575.8,Regular,Full Flavor,STD,KS,1699865.2,87.65096858087199
2024,Cigarettes,Kuwait,Kuwait,BAT,ROTHMANS,46008,1575.8,Regular,Full Flavor,STD,KS,1701441.0,87.73222231575033
2024,Cigarettes,Kuwait,Kuwait,BAT,ROTHMANS,46008,1575.8,Regular,Full Flavor,STD,KS,1703016.8,87.81347605062871
2024,Cigarettes,Kuwait,Kuwait,BAT,ROTHMANS,46008,1575.8,Regular,Full Flavor,STD,KS,1704592.6,87.89472978550705
2024,Cigarettes,Kuwait,Kuwait,BAT,ROTHMANS,46008,1575.8,Regular,Full Flavor,STD,KS,1706168.4,87.9759835203854
2024,Cigarettes,Kuwait,Kuwait,BAT,ROTHMANS,46008,1575.8,Regular,Full Flavor,STD,KS,1707744.2,88.05723725526377
2024,Cigarettes,Kuwait,Kuwait,BAT,ROTHMANS,46008,1575.8,Regular,Full Flavor,STD,KS,1709320.0,88.13849099014212
2024,Cigarettes,Kuwait,Kuwait,BAT,ROTHMANS,46008,1575.8,Regular,Full Flavor,STD,KS,1710895.8,88.21974472502048
2024,Cigarettes,Kuwait,Kuwait,BAT,ROTHMANS,46008,1575.8,Regular,Full Flavor,STD,KS,1712471.6,88.30099845989882
2024,Cigarettes,Kuwait,Kuwait,BAT,ROTHMANS,46008,1575.8,Regular,Full Flavor,STD,KS,1714047.4,88.3822521947772
2024,Cigarettes,Kuwait,Kuwait,BAT,ROTHMANS,46008,1575.8,Regular,Full Flavor,STD,KS,1715623.2,88.46350592965554
2024,Cigarettes,Kuwait,Kuwait,BAT,ROTHMANS,46008,1575.8,Regular,Full Flavor,STD,KS,1717199.0,88.54475966453388
2024,Cigarettes,Kuwait,Kuwait,BAT,ROTHMANS,46008,1575.8,Regular,Full Flavor,STD,KS,1718774.8,88.62601339941224
2024,Cigarettes,Kuwait,Kuwait,JTI,WINSTON,55025,1563.2,Regular,Full Flavor,STD,KS,1720338.0,88.70661743441785
2024,Cigarettes,Kuwait,Kuwait,JTI,WINSTON,55025,1563.2,Regular,Full Flavor,STD,KS,1721901.2,88.78722146942346
2024,Cigarettes,Kuwait,Kuwait,JTI,WINSTON,55025,1563.2,Regular,Full Flavor,STD,KS,1723464.4,88.86782550442908
2024,Cigarettes,Kuwait,Kuwait,JTI,WINSTON,55025,1563.2,Regular,Full Flavor,STD,KS,1725027.6,88.94842953943468
2024,Cigarettes,Kuwait,Kuwait,JTI,WINSTON,55025,1563.2,Regular,Full Flavor,STD,KS,1726590.8,89.02903357444029
2024,Cigarettes,Kuwait,Kuwait,JTI,WINSTON,55025,1563.2,Regular,Full Flavor,STD,KS,1728154.0,89.1096376094459
2024,Cigarettes,Kuwait,Kuwait,JTI,WINSTON,55025,1563.2,Regular,Full Flavor,STD,KS,1729717.2,89.1902416444515
2024,Cigarettes,Kuwait,Kuwait,JTI,WINSTON,55025,1563.2,Regular,Full Flavor,STD,KS,1731280.4,89.27084567945711
2024,Cigarettes,Kuwait,Kuwait,JTI,WINSTON,55025,1563.2,Regular,Full Flavor,STD,KS,1732843.6,89.35144971446273
2024,Cigarettes,Kuwait,Kuwait,JTI,WINSTON,55025,1563.2,Regular,Full Flavor,STD,KS,1734406.8,89.43205374946834
2024,Cigarettes,Kuwait,Kuwait,JTI,WINSTON,55025,1563.2,Regular,Full Flavor,STD,KS,1735970.0,89.51265778447393
2024,Cigarettes,Kuwait,Kuwait,JTI,WINSTON,55025,1563.2,Regular,Full Flavor,STD,KS,1737533.2,89.59326181947955
2024,Cigarettes,Kuwait,Kuwait,JTI,WINSTON,55025,1563.2,Regular,Full Flavor,STD,KS,1739096.4,89.67386585448516
2024,Cigarettes,Kuwait,Kuwait,JTI,WINSTON,55025,1563.2,Regular,Full Flavor,STD,KS,1740659.6,89.75446988949076
2024,Cigarettes,Kuwait,Kuwait,JTI,WINSTON,55025,1563.2,Regular,Full Flavor,STD,KS,1742222.8,89.83507392449637
2024,Cigarettes,Kuwait,Kuwait,PMI,MARLBORO,114978,1519.8,NTD Caps,Full Flavor,STD,KS,1743742.6,89.91344010438476
2024,Cigarettes,Kuwait,Kuwait,PMI,MARLBORO,114978,1519.8,NTD Caps,Full Flavor,STD,KS,1745262.4,89.99180628427314
